report_id,report_date,freshness,age_days,county_number,county,water_name,source_type,source_name,official,rating,title,summary,species,techniques,access_notes,source_url,observed_period,raw_source_reference
ee40421571dee1ef69,2026-07-26,very_current,0,,,Crooked Creek,official_stocking_update,Idaho Fish and Game,True,,Crooked Creek stocking update,"Idaho Fish and Game lists 500 fish for Crooked Creek during Jul 27 - Jul 31. Stocking schedules are tentative and can change with water conditions, angler safety, weather, and staffing.",Usually catchable rainbow trout unless the official schedule states otherwise,,,https://idfg.idaho.gov/fish/stocking/statewide,Jul 27 - Jul 31,unmatched
27eaf36131d40be141,2026-07-26,very_current,0,,,Banner Summit Lake,official_stocking_update,Idaho Fish and Game,True,,Banner Summit Lake stocking update,"Idaho Fish and Game lists 420 fish for Banner Summit Lake during Jul 20 - Jul 24. Stocking schedules are tentative and can change with water conditions, angler safety, weather, and staffing.",Usually catchable rainbow trout unless the official schedule states otherwise,,,https://idfg.idaho.gov/fish/stocking/statewide,Jul 20 - Jul 24,unmatched
b594742f131cada277,2026-07-26,very_current,0,,,Bull Trout Lake,official_stocking_update,Idaho Fish and Game,True,,Bull Trout Lake stocking update,"Idaho Fish and Game lists 1,000 fish for Bull Trout Lake during Jul 20 - Jul 24. Stocking schedules are tentative and can change with water conditions, angler safety, weather, and staffing.",Usually catchable rainbow trout unless the official schedule states otherwise,,,https://idfg.idaho.gov/fish/stocking/statewide,Jul 20 - Jul 24,unmatched
01eed58e73c47df418,2026-07-26,very_current,0,,,Bull Trout Lake #2,official_stocking_update,Idaho Fish and Game,True,,Bull Trout Lake #2 stocking update,"Idaho Fish and Game lists 120 fish for Bull Trout Lake #2 during Jul 20 - Jul 24. Stocking schedules are tentative and can change with water conditions, angler safety, weather, and staffing.",Usually catchable rainbow trout unless the official schedule states otherwise,,,https://idfg.idaho.gov/fish/stocking/statewide,Jul 20 - Jul 24,unmatched
aa6938dc954a81a001,2026-07-26,very_current,0,,,Lowman Ponds,official_stocking_update,Idaho Fish and Game,True,,Lowman Ponds stocking update,"Idaho Fish and Game lists 360 fish for Lowman Ponds during Jul 20 - Jul 24. Stocking schedules are tentative and can change with water conditions, angler safety, weather, and staffing.",Usually catchable rainbow trout unless the official schedule states otherwise,,,https://idfg.idaho.gov/fish/stocking/statewide,Jul 20 - Jul 24,unmatched
86e963cb3975b80d80,2026-07-26,very_current,0,,,Martin Lake,official_stocking_update,Idaho Fish and Game,True,,Martin Lake stocking update,"Idaho Fish and Game lists 360 fish for Martin Lake during Jul 20 - Jul 24. Stocking schedules are tentative and can change with water conditions, angler safety, weather, and staffing.",Usually catchable rainbow trout unless the official schedule states otherwise,,,https://idfg.idaho.gov/fish/stocking/statewide,Jul 20 - Jul 24,unmatched
4d2498229cfe111ba1,2026-07-26,very_current,0,23,Gem,Payette River,official_stocking_update,Idaho Fish and Game,True,,Middle Fork Payette River stocking update,"Idaho Fish and Game lists 750 fish for Middle Fork Payette River during Jul 20 - Jul 24. Stocking schedules are tentative and can change with water conditions, angler safety, weather, and staffing.",Usually catchable rainbow trout unless the official schedule states otherwise,,,https://idfg.idaho.gov/fish/stocking/statewide,Jul 20 - Jul 24,conservative_fuzzy
0f8c720b70f44d72b1,2026-07-26,very_current,0,1,Ada,Boise River,official_stocking_update,Idaho Fish and Game,True,,North Fork Boise River stocking update,"Idaho Fish and Game lists 1,750 fish for North Fork Boise River during Jul 20 - Jul 24. Stocking schedules are tentative and can change with water conditions, angler safety, weather, and staffing.",Usually catchable rainbow trout unless the official schedule states otherwise,,,https://idfg.idaho.gov/fish/stocking/statewide,Jul 20 - Jul 24,conservative_fuzzy
0f8c720b70f44d72b1,2026-07-26,very_current,0,14,Canyon,Boise River,official_stocking_update,Idaho Fish and Game,True,,North Fork Boise River stocking update,"Idaho Fish and Game lists 1,750 fish for North Fork Boise River during Jul 20 - Jul 24. Stocking schedules are tentative and can change with water conditions, angler safety, weather, and staffing.",Usually catchable rainbow trout unless the official schedule states otherwise,,,https://idfg.idaho.gov/fish/stocking/statewide,Jul 20 - Jul 24,conservative_fuzzy
b67a04b5b1134a52c7,2026-07-26,very_current,0,23,Gem,Payette River,official_stocking_update,Idaho Fish and Game,True,,North Fork Payette River 03 stocking update,"Idaho Fish and Game lists 600 fish for North Fork Payette River 03 during Jul 20 - Jul 24. Stocking schedules are tentative and can change with water conditions, angler safety, weather, and staffing.",Usually catchable rainbow trout unless the official schedule states otherwise,,,https://idfg.idaho.gov/fish/stocking/statewide,Jul 20 - Jul 24,conservative_fuzzy
19bf622e965c4fba49,2026-07-26,very_current,0,43,Valley,Rowland Pond / Lick Creek,official_stocking_update,Idaho Fish and Game,True,,Rowland Pond stocking update,"Idaho Fish and Game lists 300 fish for Rowland Pond during Jul 20 - Jul 24. Stocking schedules are tentative and can change with water conditions, angler safety, weather, and staffing.",Usually catchable rainbow trout unless the official schedule states otherwise,,,https://idfg.idaho.gov/fish/stocking/statewide,Jul 20 - Jul 24,conservative_fuzzy
1631d57f05c8713f1e,2026-07-26,very_current,0,,,Silver Creek,official_stocking_update,Idaho Fish and Game,True,,Silver Creek stocking update,"Idaho Fish and Game lists 750 fish for Silver Creek during Jul 20 - Jul 24. Stocking schedules are tentative and can change with water conditions, angler safety, weather, and staffing.",Usually catchable rainbow trout unless the official schedule states otherwise,,,https://idfg.idaho.gov/fish/stocking/statewide,Jul 20 - Jul 24,unmatched
1651f9653085d8bb1b,2026-07-26,very_current,0,,,Wilson Creek,official_stocking_update,Idaho Fish and Game,True,,Wilson Creek stocking update,"Idaho Fish and Game lists 150 fish for Wilson Creek during Jul 20 - Jul 24. Stocking schedules are tentative and can change with water conditions, angler safety, weather, and staffing.",Usually catchable rainbow trout unless the official schedule states otherwise,,,https://idfg.idaho.gov/fish/stocking/statewide,Jul 20 - Jul 24,unmatched
3829412adba32f204f,2026-07-26,very_current,0,,,Wilson Springs North Pond,official_stocking_update,Idaho Fish and Game,True,,Wilson Springs North Pond stocking update,"Idaho Fish and Game lists 120 fish for Wilson Springs North Pond during Jul 20 - Jul 24. Stocking schedules are tentative and can change with water conditions, angler safety, weather, and staffing.",Usually catchable rainbow trout unless the official schedule states otherwise,,,https://idfg.idaho.gov/fish/stocking/statewide,Jul 20 - Jul 24,unmatched
a43267ff247d07cca5,2026-07-26,very_current,0,,,Wilson Springs Trophy Pond,official_stocking_update,Idaho Fish and Game,True,,Wilson Springs Trophy Pond stocking update,"Idaho Fish and Game lists 120 fish for Wilson Springs Trophy Pond during Jul 20 - Jul 24. Stocking schedules are tentative and can change with water conditions, angler safety, weather, and staffing.",Usually catchable rainbow trout unless the official schedule states otherwise,,,https://idfg.idaho.gov/fish/stocking/statewide,Jul 20 - Jul 24,unmatched
81255fe3a07863f600,2026-07-26,very_current,0,,,"Boise River, Middleton to Eagle Road",official_stocking_update,Idaho Fish and Game,True,,"Boise River, Middleton to Eagle Road stocking update","Idaho Fish and Game lists 500 fish for Boise River, Middleton to Eagle Road during Jul 27 - Jul 31. Stocking schedules are tentative and can change with water conditions, angler safety, weather, and staffing.",Usually catchable rainbow trout unless the official schedule states otherwise,,,https://idfg.idaho.gov/fish/stocking/statewide,Jul 27 - Jul 31,unmatched
36a5e25810088e4053,2026-07-26,very_current,0,,,"Boise River, Strawberry Glen to Barber Dam",official_stocking_update,Idaho Fish and Game,True,,"Boise River, Strawberry Glen to Barber Dam stocking update","Idaho Fish and Game lists 648 fish for Boise River, Strawberry Glen to Barber Dam during Jul 27 - Jul 31. Stocking schedules are tentative and can change with water conditions, angler safety, weather, and staffing.",Usually catchable rainbow trout unless the official schedule states otherwise,,,https://idfg.idaho.gov/fish/stocking/statewide,Jul 27 - Jul 31,unmatched
6d962cf12dfe8f019c,2026-07-26,very_current,0,8,Boise,South Fork of the Payette River,official_stocking_update,Idaho Fish and Game,True,,South Fork Payette River stocking update,"Idaho Fish and Game lists 1,750 fish for South Fork Payette River during Jul 27 - Jul 31. Stocking schedules are tentative and can change with water conditions, angler safety, weather, and staffing.",Usually catchable rainbow trout unless the official schedule states otherwise,,,https://idfg.idaho.gov/fish/stocking/statewide,Jul 27 - Jul 31,exact_or_alias
9aa0d1793c096d457d,2026-07-26,very_current,0,,,Baker Creek,official_stocking_update,Idaho Fish and Game,True,,Baker Creek stocking update,"Idaho Fish and Game lists 225 fish for Baker Creek during Jul 20 - Jul 24. Stocking schedules are tentative and can change with water conditions, angler safety, weather, and staffing.",Usually catchable rainbow trout unless the official schedule states otherwise,,,https://idfg.idaho.gov/fish/stocking/statewide,Jul 20 - Jul 24,unmatched
de642e9b8b6d1b9c69,2026-07-26,very_current,0,,,Big Wood River,official_stocking_update,Idaho Fish and Game,True,,Big Wood River stocking update,"Idaho Fish and Game lists 1,185 fish for Big Wood River during Jul 20 - Jul 24. Stocking schedules are tentative and can change with water conditions, angler safety, weather, and staffing.",Usually catchable rainbow trout unless the official schedule states otherwise,,,https://idfg.idaho.gov/fish/stocking/statewide,Jul 20 - Jul 24,unmatched
7ccec9a46382c395d3,2026-07-26,very_current,0,,,Crystal Springs Lake,official_stocking_update,Idaho Fish and Game,True,,Crystal Springs Lake stocking update,"Idaho Fish and Game lists 600 fish for Crystal Springs Lake during Jul 20 - Jul 24. Stocking schedules are tentative and can change with water conditions, angler safety, weather, and staffing.",Usually catchable rainbow trout unless the official schedule states otherwise,,,https://idfg.idaho.gov/fish/stocking/statewide,Jul 20 - Jul 24,unmatched
69c511e910828d79e1,2026-07-26,very_current,0,,,Fourth Fork Rock Creek,official_stocking_update,Idaho Fish and Game,True,,Fourth Fork Rock Creek stocking update,"Idaho Fish and Game lists 325 fish for Fourth Fork Rock Creek during Jul 20 - Jul 24. Stocking schedules are tentative and can change with water conditions, angler safety, weather, and staffing.",Usually catchable rainbow trout unless the official schedule states otherwise,,,https://idfg.idaho.gov/fish/stocking/statewide,Jul 20 - Jul 24,unmatched
cd153607480dbdaadb,2026-07-26,very_current,0,,,Gavers Lagoon,official_stocking_update,Idaho Fish and Game,True,,Gavers Lagoon stocking update,"Idaho Fish and Game lists 710 fish for Gavers Lagoon during Jul 20 - Jul 24. Stocking schedules are tentative and can change with water conditions, angler safety, weather, and staffing.",Usually catchable rainbow trout unless the official schedule states otherwise,,,https://idfg.idaho.gov/fish/stocking/statewide,Jul 20 - Jul 24,unmatched
38b724fca1664fd765,2026-07-26,very_current,0,,,Hagerman WMA Oster Lake #1,official_stocking_update,Idaho Fish and Game,True,,Hagerman WMA Oster Lake #1 stocking update,"Idaho Fish and Game lists 225 fish for Hagerman WMA Oster Lake #1 during Jul 20 - Jul 24. Stocking schedules are tentative and can change with water conditions, angler safety, weather, and staffing.",Usually catchable rainbow trout unless the official schedule states otherwise,,,https://idfg.idaho.gov/fish/stocking/statewide,Jul 20 - Jul 24,unmatched
73f8780a6cdf61b0f8,2026-07-26,very_current,0,,,Hagerman WMA Riley Creek Pond,official_stocking_update,Idaho Fish and Game,True,,Hagerman WMA Riley Creek Pond stocking update,"Idaho Fish and Game lists 225 fish for Hagerman WMA Riley Creek Pond during Jul 20 - Jul 24. Stocking schedules are tentative and can change with water conditions, angler safety, weather, and staffing.",Usually catchable rainbow trout unless the official schedule states otherwise,,,https://idfg.idaho.gov/fish/stocking/statewide,Jul 20 - Jul 24,unmatched
d8275cafbf6e32ded6,2026-07-26,very_current,0,,,Little Wood River,official_stocking_update,Idaho Fish and Game,True,,Little Wood River stocking update,"Idaho Fish and Game lists 425 fish for Little Wood River during Jul 20 - Jul 24. Stocking schedules are tentative and can change with water conditions, angler safety, weather, and staffing.",Usually catchable rainbow trout unless the official schedule states otherwise,,,https://idfg.idaho.gov/fish/stocking/statewide,Jul 20 - Jul 24,unmatched
02d3be75c6fc0dbe6e,2026-07-26,very_current,0,,,Lower Lake Creek Lake,official_stocking_update,Idaho Fish and Game,True,,Lower Lake Creek Lake stocking update,"Idaho Fish and Game lists 350 fish for Lower Lake Creek Lake during Jul 20 - Jul 24. Stocking schedules are tentative and can change with water conditions, angler safety, weather, and staffing.",Usually catchable rainbow trout unless the official schedule states otherwise,,,https://idfg.idaho.gov/fish/stocking/statewide,Jul 20 - Jul 24,unmatched
16d3f55d96ff933aa8,2026-07-26,very_current,0,,,Niagara Springs,official_stocking_update,Idaho Fish and Game,True,,Niagara Springs stocking update,"Idaho Fish and Game lists 500 fish for Niagara Springs during Jul 20 - Jul 24. Stocking schedules are tentative and can change with water conditions, angler safety, weather, and staffing.",Usually catchable rainbow trout unless the official schedule states otherwise,,,https://idfg.idaho.gov/fish/stocking/statewide,Jul 20 - Jul 24,unmatched
ee147ba5f1cc526ff3,2026-07-26,very_current,0,,,North Fork Big Wood River,official_stocking_update,Idaho Fish and Game,True,,North Fork Big Wood River stocking update,"Idaho Fish and Game lists 225 fish for North Fork Big Wood River during Jul 20 - Jul 24. Stocking schedules are tentative and can change with water conditions, angler safety, weather, and staffing.",Usually catchable rainbow trout unless the official schedule states otherwise,,,https://idfg.idaho.gov/fish/stocking/statewide,Jul 20 - Jul 24,unmatched
6af21f0f0ccbd47256,2026-07-26,very_current,0,,,Penny Lake,official_stocking_update,Idaho Fish and Game,True,,Penny Lake stocking update,"Idaho Fish and Game lists 400 fish for Penny Lake during Jul 20 - Jul 24. Stocking schedules are tentative and can change with water conditions, angler safety, weather, and staffing.",Usually catchable rainbow trout unless the official schedule states otherwise,,,https://idfg.idaho.gov/fish/stocking/statewide,Jul 20 - Jul 24,unmatched
fc8891940c0d5ccd91,2026-07-26,very_current,0,7,Blaine,Hot Springs Landing / Rock Creek,official_stocking_update,Idaho Fish and Game,True,,Rock Creek stocking update,"Idaho Fish and Game lists 1,000 fish for Rock Creek during Jul 20 - Jul 24. Stocking schedules are tentative and can change with water conditions, angler safety, weather, and staffing.",Usually catchable rainbow trout unless the official schedule states otherwise,,,https://idfg.idaho.gov/fish/stocking/statewide,Jul 20 - Jul 24,conservative_fuzzy
e9e12669544c76b8f6,2026-07-26,very_current,0,2,Adams,Trail Creek,official_stocking_update,Idaho Fish and Game,True,,Trail Creek stocking update,"Idaho Fish and Game lists 350 fish for Trail Creek during Jul 20 - Jul 24. Stocking schedules are tentative and can change with water conditions, angler safety, weather, and staffing.",Usually catchable rainbow trout unless the official schedule states otherwise,,,https://idfg.idaho.gov/fish/stocking/statewide,Jul 20 - Jul 24,exact_or_alias
d43ebdccd3bbaa1585,2026-07-26,very_current,0,,,Warm Springs Creek,official_stocking_update,Idaho Fish and Game,True,,Warm Springs Creek stocking update,"Idaho Fish and Game lists 700 fish for Warm Springs Creek during Jul 20 - Jul 24. Stocking schedules are tentative and can change with water conditions, angler safety, weather, and staffing.",Usually catchable rainbow trout unless the official schedule states otherwise,,,https://idfg.idaho.gov/fish/stocking/statewide,Jul 20 - Jul 24,unmatched
10022abc67011d05ba,2026-07-26,very_current,0,,,Big Trinity Lake,official_stocking_update,Idaho Fish and Game,True,,Big Trinity Lake stocking update,"Idaho Fish and Game lists 2,000 fish for Big Trinity Lake during Jul 27 - Jul 31. Stocking schedules are tentative and can change with water conditions, angler safety, weather, and staffing.",Usually catchable rainbow trout unless the official schedule states otherwise,,,https://idfg.idaho.gov/fish/stocking/statewide,Jul 27 - Jul 31,unmatched
828b16ff7bc0062012,2026-07-26,very_current,0,,,Freedom Park Pond,official_stocking_update,Idaho Fish and Game,True,,Freedom Park Pond stocking update,"Idaho Fish and Game lists 500 fish for Freedom Park Pond during Jul 27 - Jul 31. Stocking schedules are tentative and can change with water conditions, angler safety, weather, and staffing.",Usually catchable rainbow trout unless the official schedule states otherwise,,,https://idfg.idaho.gov/fish/stocking/statewide,Jul 27 - Jul 31,unmatched
2942a696b0e122120f,2026-07-26,very_current,0,,,Little Trinity Lake,official_stocking_update,Idaho Fish and Game,True,,Little Trinity Lake stocking update,"Idaho Fish and Game lists 700 fish for Little Trinity Lake during Jul 27 - Jul 31. Stocking schedules are tentative and can change with water conditions, angler safety, weather, and staffing.",Usually catchable rainbow trout unless the official schedule states otherwise,,,https://idfg.idaho.gov/fish/stocking/statewide,Jul 27 - Jul 31,unmatched
c94bfae96f00407a54,2026-07-26,very_current,0,39,Power,East Fork Rock Creek1,official_stocking_update,Idaho Fish and Game,True,,East Fork Rock Creek stocking update,"Idaho Fish and Game lists 500 fish for East Fork Rock Creek during Jul 27 - Jul 31. Stocking schedules are tentative and can change with water conditions, angler safety, weather, and staffing.",Usually catchable rainbow trout unless the official schedule states otherwise,,,https://idfg.idaho.gov/fish/stocking/statewide,Jul 27 - Jul 31,conservative_fuzzy
f444d1aba025e185bb,2026-07-26,very_current,0,17,Clark,Birch Creek,official_stocking_update,Idaho Fish and Game,True,,Birch Creek stocking update,"Idaho Fish and Game lists 1,350 fish for Birch Creek during Jul 20 - Jul 24. Stocking schedules are tentative and can change with water conditions, angler safety, weather, and staffing.",Usually catchable rainbow trout unless the official schedule states otherwise,,,https://idfg.idaho.gov/fish/stocking/statewide,Jul 20 - Jul 24,exact_or_alias
300d5a761c8fd2565e,2026-07-26,very_current,0,,,Buffalo River,official_stocking_update,Idaho Fish and Game,True,,Buffalo River stocking update,"Idaho Fish and Game lists 1,000 fish for Buffalo River during Jul 20 - Jul 24. Stocking schedules are tentative and can change with water conditions, angler safety, weather, and staffing.",Usually catchable rainbow trout unless the official schedule states otherwise,,,https://idfg.idaho.gov/fish/stocking/statewide,Jul 20 - Jul 24,unmatched
e5e49f805df73efccb,2026-07-26,very_current,0,,,East Fork Big Lost River,official_stocking_update,Idaho Fish and Game,True,,East Fork Big Lost River stocking update,"Idaho Fish and Game lists 400 fish for East Fork Big Lost River during Jul 20 - Jul 24. Stocking schedules are tentative and can change with water conditions, angler safety, weather, and staffing.",Usually catchable rainbow trout unless the official schedule states otherwise,,,https://idfg.idaho.gov/fish/stocking/statewide,Jul 20 - Jul 24,unmatched
2609945a515f408771,2026-07-26,very_current,0,,,Gem Lake,official_stocking_update,Idaho Fish and Game,True,,Gem Lake stocking update,"Idaho Fish and Game lists 3,000 fish for Gem Lake during Jul 20 - Jul 24. Stocking schedules are tentative and can change with water conditions, angler safety, weather, and staffing.",Usually catchable rainbow trout unless the official schedule states otherwise,,,https://idfg.idaho.gov/fish/stocking/statewide,Jul 20 - Jul 24,unmatched
02a65e2205aab7d601,2026-07-26,very_current,0,,,North Fork Big Lost River Stocking Yellowstone Cutthroat Trout,official_stocking_update,Idaho Fish and Game,True,,North Fork Big Lost River Stocking Yellowstone Cutthroat Trout stocking update,"Idaho Fish and Game lists 1,200 fish for North Fork Big Lost River Stocking Yellowstone Cutthroat Trout during Jul 20 - Jul 24. Stocking schedules are tentative and can change with water conditions, angler safety, weather, and staffing.",Usually catchable rainbow trout unless the official schedule states otherwise,,,https://idfg.idaho.gov/fish/stocking/statewide,Jul 20 - Jul 24,unmatched
cb7dac87c9d8f6233e,2026-07-26,very_current,0,,,Star Hope Creek Stocking Yellowstone Cutthroat Trout,official_stocking_update,Idaho Fish and Game,True,,Star Hope Creek Stocking Yellowstone Cutthroat Trout stocking update,"Idaho Fish and Game lists 250 fish for Star Hope Creek Stocking Yellowstone Cutthroat Trout during Jul 20 - Jul 24. Stocking schedules are tentative and can change with water conditions, angler safety, weather, and staffing.",Usually catchable rainbow trout unless the official schedule states otherwise,,,https://idfg.idaho.gov/fish/stocking/statewide,Jul 20 - Jul 24,unmatched
58222ac9557e017dcc,2026-07-26,very_current,0,,,Wildhorse Creek,official_stocking_update,Idaho Fish and Game,True,,Wildhorse Creek stocking update,"Idaho Fish and Game lists 500 fish for Wildhorse Creek during Jul 20 - Jul 24. Stocking schedules are tentative and can change with water conditions, angler safety, weather, and staffing.",Usually catchable rainbow trout unless the official schedule states otherwise,,,https://idfg.idaho.gov/fish/stocking/statewide,Jul 20 - Jul 24,unmatched
e31578dbca2b4ed54f,2026-07-26,very_current,0,,,Henrys Fork,official_stocking_update,Idaho Fish and Game,True,,Henrys Fork stocking update,"Idaho Fish and Game lists 1,675 fish for Henrys Fork during Jul 27 - Jul 31. Stocking schedules are tentative and can change with water conditions, angler safety, weather, and staffing.",Usually catchable rainbow trout unless the official schedule states otherwise,,,https://idfg.idaho.gov/fish/stocking/statewide,Jul 27 - Jul 31,unmatched
331d8c86b5b9d0b40a,2026-07-26,very_current,0,,,Mill Pond (Stoddard Mill Pond),official_stocking_update,Idaho Fish and Game,True,,Mill Pond (Stoddard Mill Pond) stocking update,"Idaho Fish and Game lists 250 fish for Mill Pond (Stoddard Mill Pond) during Jul 27 - Jul 31. Stocking schedules are tentative and can change with water conditions, angler safety, weather, and staffing.",Usually catchable rainbow trout unless the official schedule states otherwise,,,https://idfg.idaho.gov/fish/stocking/statewide,Jul 27 - Jul 31,unmatched
4878f512ecb838b2d4,2026-07-26,very_current,0,22,Fremont,Warm River ADA,official_stocking_update,Idaho Fish and Game,True,,Warm River stocking update,"Idaho Fish and Game lists 450 fish for Warm River during Jul 27 - Jul 31. Stocking schedules are tentative and can change with water conditions, angler safety, weather, and staffing.",Usually catchable rainbow trout unless the official schedule states otherwise,,,https://idfg.idaho.gov/fish/stocking/statewide,Jul 27 - Jul 31,conservative_fuzzy
74a8b76f2173cfbc71,2026-07-26,very_current,0,,,Salmon River Section #7 Sunny Gulch Campground to Stanley,official_stocking_update,Idaho Fish and Game,True,,Salmon River Section #7 Sunny Gulch Campground to Stanley stocking update,"Idaho Fish and Game lists 1,200 fish for Salmon River Section #7 Sunny Gulch Campground to Stanley during Jul 20 - Jul 24. Stocking schedules are tentative and can change with water conditions, angler safety, weather, and staffing.",Usually catchable rainbow trout unless the official schedule states otherwise,,,https://idfg.idaho.gov/fish/stocking/statewide,Jul 20 - Jul 24,unmatched
d2c6b0f628015e02f5,2026-07-26,very_current,0,,,Salmon River Section #8 Decker Flats to Buckhorn Bridge,official_stocking_update,Idaho Fish and Game,True,,Salmon River Section #8 Decker Flats to Buckhorn Bridge stocking update,"Idaho Fish and Game lists 1,600 fish for Salmon River Section #8 Decker Flats to Buckhorn Bridge during Jul 20 - Jul 24. Stocking schedules are tentative and can change with water conditions, angler safety, weather, and staffing.",Usually catchable rainbow trout unless the official schedule states otherwise,,,https://idfg.idaho.gov/fish/stocking/statewide,Jul 20 - Jul 24,unmatched
d3625181da8561d317,2026-07-26,very_current,0,,,Stanley Lake,official_stocking_update,Idaho Fish and Game,True,,Stanley Lake stocking update,"Idaho Fish and Game lists 2,100 fish for Stanley Lake during Jul 20 - Jul 24. Stocking schedules are tentative and can change with water conditions, angler safety, weather, and staffing.",Usually catchable rainbow trout unless the official schedule states otherwise,,,https://idfg.idaho.gov/fish/stocking/statewide,Jul 20 - Jul 24,unmatched
edccd3758e6159159f,2026-07-26,very_current,0,,,Yankee Fork Dredge Pond #1,official_stocking_update,Idaho Fish and Game,True,,Yankee Fork Dredge Pond #1 stocking update,"Idaho Fish and Game lists 240 fish for Yankee Fork Dredge Pond #1 during Jul 20 - Jul 24. Stocking schedules are tentative and can change with water conditions, angler safety, weather, and staffing.",Usually catchable rainbow trout unless the official schedule states otherwise,,,https://idfg.idaho.gov/fish/stocking/statewide,Jul 20 - Jul 24,unmatched
2799479e9a5772fe38,2026-07-26,very_current,0,,,Yankee Fork Dredge Pond #4,official_stocking_update,Idaho Fish and Game,True,,Yankee Fork Dredge Pond #4 stocking update,"Idaho Fish and Game lists 240 fish for Yankee Fork Dredge Pond #4 during Jul 20 - Jul 24. Stocking schedules are tentative and can change with water conditions, angler safety, weather, and staffing.",Usually catchable rainbow trout unless the official schedule states otherwise,,,https://idfg.idaho.gov/fish/stocking/statewide,Jul 20 - Jul 24,unmatched
aac0a24e05dced4900,2026-07-26,very_current,0,,,Yankee Fork Lower Dredge Pond,official_stocking_update,Idaho Fish and Game,True,,Yankee Fork Lower Dredge Pond stocking update,"Idaho Fish and Game lists 120 fish for Yankee Fork Lower Dredge Pond during Jul 20 - Jul 24. Stocking schedules are tentative and can change with water conditions, angler safety, weather, and staffing.",Usually catchable rainbow trout unless the official schedule states otherwise,,,https://idfg.idaho.gov/fish/stocking/statewide,Jul 20 - Jul 24,unmatched
02f72201529b7f7b69,2026-07-26,very_current,0,30,Lemhi,Hayden Creek,official_stocking_update,Idaho Fish and Game,True,,Hayden Creek Pond stocking update,"Idaho Fish and Game lists 500 fish for Hayden Creek Pond during Jul 27 - Jul 31. Stocking schedules are tentative and can change with water conditions, angler safety, weather, and staffing.",Usually catchable rainbow trout unless the official schedule states otherwise,,,https://idfg.idaho.gov/fish/stocking/statewide,Jul 27 - Jul 31,conservative_fuzzy
c2ab19c1e8969970bf,2026-07-26,very_current,0,30,Lemhi,Kids Creek Pond,official_stocking_update,Idaho Fish and Game,True,,Kids Creek Pond stocking update,"Idaho Fish and Game lists 200 fish for Kids Creek Pond during Jul 27 - Jul 31. Stocking schedules are tentative and can change with water conditions, angler safety, weather, and staffing.",Usually catchable rainbow trout unless the official schedule states otherwise,,,https://idfg.idaho.gov/fish/stocking/statewide,Jul 27 - Jul 31,exact_or_alias
9e6f1e4135017e39a6,2026-07-26,very_current,0,,,Salmon River Section #5 O'Brien Campground to Torrey's Hole,official_stocking_update,Idaho Fish and Game,True,,Salmon River Section #5 O'Brien Campground to Torrey's Hole stocking update,"Idaho Fish and Game lists 200 fish for Salmon River Section #5 O'Brien Campground to Torrey's Hole during Jul 27 - Jul 31. Stocking schedules are tentative and can change with water conditions, angler safety, weather, and staffing.",Usually catchable rainbow trout unless the official schedule states otherwise,,,https://idfg.idaho.gov/fish/stocking/statewide,Jul 27 - Jul 31,unmatched
4ed462d38e96e4245f,2026-07-26,very_current,0,,,Salmon River Section #6 Lower Stanley to Sunbeam Hotsprings,official_stocking_update,Idaho Fish and Game,True,,Salmon River Section #6 Lower Stanley to Sunbeam Hotsprings stocking update,"Idaho Fish and Game lists 3,680 fish for Salmon River Section #6 Lower Stanley to Sunbeam Hotsprings during Jul 27 - Jul 31. Stocking schedules are tentative and can change with water conditions, angler safety, weather, and staffing.",Usually catchable rainbow trout unless the official schedule states otherwise,,,https://idfg.idaho.gov/fish/stocking/statewide,Jul 27 - Jul 31,unmatched
bec1424057cc2d0232,2026-07-26,very_current,0,19,Custer,Valley Creek,official_stocking_update,Idaho Fish and Game,True,,Valley Creek stocking update,"Idaho Fish and Game lists 1,000 fish for Valley Creek during Jul 27 - Jul 31. Stocking schedules are tentative and can change with water conditions, angler safety, weather, and staffing.",Usually catchable rainbow trout unless the official schedule states otherwise,,,https://idfg.idaho.gov/fish/stocking/statewide,Jul 27 - Jul 31,exact_or_alias
6f9ea7bd67eefc9199,2026-07-24,very_current,2,,,,official_statewide_or_regional_update,Idaho Fish and Game,True,,Idaho Fish and Game Relocates Young Cow Moose from Lewiston,"Home Press Releases and Articles idfg-jbruns Friday, July 24, 2026 - 1:12 PM MDT Wildlife staff safely captured and relocated a yearling moose to more suitable habitat in a remote portion of the region On Thursday, July 23, Idaho Fish and Game's Clearwater Region staff safely captured and relocated a young cow moose after it was reported in a residential yard in Lewiston. The yearling moose had been reported in…",,,,https://idfg.idaho.gov/article/idaho-fish-and-game-relocates-young-cow-moose-lewiston,,
ace4d2b98ea4125b89,2026-07-24,very_current,2,,,,official_statewide_or_regional_update,Idaho Fish and Game,True,,Jogger attacked by bear at Henrys Lake State Park,"Home Press Releases and Articles idfg-jbrower Friday, July 24, 2026 - 4:35 PM MDT In the early morning of July 24, an adult male was attacked by a bear while jogging with his dog along the Aspen Loop Trail at Henrys Lake State Park. The man sustained injuries, but was able to walk out on his own. The dog was uninjured and followed him out safely. At around 8:00 a.m., the individual was transported by ambulance to…",,,,https://idfg.idaho.gov/article/jogger-attacked-bear-henrys-lake-state-park,,
f05178b1a7b355c2d2,2026-07-23,very_current,3,,,,official_statewide_or_regional_update,Idaho Fish and Game,True,,New certified-weight record for Westslope cutthroat trout shocks fish biologists,"Home Press Releases and Articles idfg-cghere Thursday, July 23, 2026 - 11:15 AM MDT When Luke Anderson headed to the St. Maries River in search of Westslope cutthroat trout, setting a new state record was probably the last thing on his mind. Or was it? While Luke is officially Idaho's newest certified-weight state record holder, Westslope cutthroat trout in Idaho grow much larger than his 13.6-inch, sub-one-pound…",,,,https://idfg.idaho.gov/article/new-certified-weight-record-westslope-cutthroat-trout-shocks-fish-biologists,,
c747373a5db6112da2,2026-07-21,very_current,5,,,,official_statewide_or_regional_update,Idaho Fish and Game,True,,Fish and Game reminds Wood River Valley residents to secure attractants as black bear sightings increase,"Home Press Releases and Articles idfg-Kenzie.Baratti Tuesday, July 21, 2026 - 1:52 PM MDT Idaho Fish and Game enforcement staff have recently received an increase in reports of black bears frequenting residential areas throughout the Wood River Valley. Each year in the late summer and early fall, Fish and Game staff begin receiving regular reports of bears moving through neighborhoods and subdivisions. Many of those…",,,,https://idfg.idaho.gov/article/fish-and-game-reminds-wood-river-valley-residents-secure-attractants-black-bear-sightings,,
ca473b4675c666c41c,2026-07-21,very_current,5,,,,official_statewide_or_regional_update,Idaho Fish and Game,True,,ICYMI: Idaho Fish and Game Commission Meeting July 16,"Home Press Releases and Articles idfg-cliess Tuesday, July 21, 2026 - 8:17 AM MDT Watch or listen to the full recap of the July 16 Idaho Fish and Game Commission Meeting in Jerome. Topics covered include proposed rules for electronic tagging for certain game birds, fiscal year 2028 budget, 2026-2027 sage-grouse seasons, and more. Timestamps 0:00:00 - Opening Comments 0:02:07 - Review of Public Comment 0:06:05…",,,,https://idfg.idaho.gov/article/icymi-idaho-fish-and-game-commission-meeting-july-16,,
989c05e8255f8f6ce4,2026-07-20,very_current,6,,,,official_statewide_or_regional_update,Idaho Fish and Game,True,,Fish Lake Pend Oreille and earn cash through the Angler Incentive Program,"Home Press Releases and Articles idfg-tjross Monday, July 20, 2026 - 10:28 AM MDT Anglers and spearfishers can earn cash rewards by turning in lake trout and walleye heads For most anglers and spearfishers, getting paid to fish sounds too good to be true. On Lake Pend Oreille, it can be a reality through the Angler Incentive Program. The scoop Anglers and spearfishers who catch and turn in the heads of any walleye…",,,,https://idfg.idaho.gov/article/fish-lake-pend-oreille-and-earn-cash-through-angler-incentive-program,,
2aace67d4c8ad37b70,2026-07-20,very_current,6,14,Canyon,Snake River,official_fishing_update,Idaho Fish and Game,True,,IDFG Commission modifies daily bag limit for fall Chinook salmon seasons,"Home Press Releases and Articles idfg-cliess Monday, July 20, 2026 - 9:52 AM MDT The forecasted number of wild fall Chinook for 2026 is lower than recent years. During its July 16 meeting in Jerome, the Idaho Fish and Game Commission approved the recommended modifications to the 2026 fall Chinook salmon fishing season in the following fisheries: Snake River, Lower Salmon River, Salmon River, Mainstem Clearwater…",,,,https://idfg.idaho.gov/article/idfg-commission-modifies-daily-bag-limit-fall-chinook-salmon-seasons,,
2aace67d4c8ad37b70,2026-07-20,very_current,6,37,Owyhee,Snake River,official_fishing_update,Idaho Fish and Game,True,,IDFG Commission modifies daily bag limit for fall Chinook salmon seasons,"Home Press Releases and Articles idfg-cliess Monday, July 20, 2026 - 9:52 AM MDT The forecasted number of wild fall Chinook for 2026 is lower than recent years. During its July 16 meeting in Jerome, the Idaho Fish and Game Commission approved the recommended modifications to the 2026 fall Chinook salmon fishing season in the following fisheries: Snake River, Lower Salmon River, Salmon River, Mainstem Clearwater…",,,,https://idfg.idaho.gov/article/idfg-commission-modifies-daily-bag-limit-fall-chinook-salmon-seasons,,
2aace67d4c8ad37b70,2026-07-20,very_current,6,30,Lemhi,Salmon River,official_fishing_update,Idaho Fish and Game,True,,IDFG Commission modifies daily bag limit for fall Chinook salmon seasons,"Home Press Releases and Articles idfg-cliess Monday, July 20, 2026 - 9:52 AM MDT The forecasted number of wild fall Chinook for 2026 is lower than recent years. During its July 16 meeting in Jerome, the Idaho Fish and Game Commission approved the recommended modifications to the 2026 fall Chinook salmon fishing season in the following fisheries: Snake River, Lower Salmon River, Salmon River, Mainstem Clearwater…",,,,https://idfg.idaho.gov/article/idfg-commission-modifies-daily-bag-limit-fall-chinook-salmon-seasons,,
a1aa2c78cae6ed9c15,2026-07-17,very_current,9,30,Lemhi,Salmon River,official_fishing_update,Idaho Fish and Game,True,,Commission modifies summer Chinook salmon bag and possession limits for South Fork Salmon River,"Home Press Releases and Articles idfg-scassinelli Friday, July 17, 2026 - 2:34 PM MDT The Idaho Fish and Game Commission modified daily bag and possession limits for summer Chinook salmon fishing on the South Fork Salmon River effective July 17. New Daily and Possession Limits South Fork Salmon River Daily : Four Chinook salmon, only two of which may be adults Possession : 12 Chinook salmon, only six of which may be…",,,,https://idfg.idaho.gov/article/commission-modifies-summer-chinook-salmon-bag-and-possession-limits-south-fork-salmon-river,,
044aa61c56f952d3d0,2026-07-17,very_current,9,,,,official_statewide_or_regional_update,Idaho Fish and Game,True,,Fish and Game's Magic Valley Region to host 4th annual blood drive on Aug. 13,"Home Press Releases and Articles idfg-Kenzie.Baratti Friday, July 17, 2026 - 2:37 PM MDT The goal is to collect 30 donations for the American Red Cross. Have you ever stopped to think there is no substitute for blood when someone needs a lifesaving transfusion? Every two seconds, someone in the United States needs blood. Because donated blood has a shelf life of only 42 days, there is a constant need for donors…",,,,https://idfg.idaho.gov/article/fish-and-games-magic-valley-region-host-4th-annual-blood-drive-aug-13,,
a7ccdec4914fd04b7f,2026-07-16,very_current,10,,,,official_statewide_or_regional_update,Idaho Fish and Game,True,,Idaho Fish and Game relocates yearling bull moose from Burley,"Home Press Releases and Articles idfg-Kenzie.Baratti Thursday, July 16, 2026 - 2:15 PM MDT On Tuesday, July 14, the Magic Valley Regional Office received a report from Cassia County Dispatch of a yearling bull moose inside a gated area behind a business in Burley. To ensure the safety of both the moose and the public, Fish and Game wildlife staff, with assistance from the Cassia County Sheriff's Office, safely…",,,,https://idfg.idaho.gov/article/idaho-fish-and-game-relocates-yearling-bull-moose-burley,,
81a1e1e90c3c09327d,2026-07-16,very_current,10,14,Canyon,Snake River,official_harvest_report,Idaho Fish and Game,True,,Chinook salmon harvest report,"Chinook Harvest Report | Idaho Fish and Game Skip to main content Idaho Official Government Website | Buy a License Search Hunting Toggle submenu Hunting in Idaho Seasons and Rules Big Game Seasons and Rules Moose, Bighorn Sheep and Mountain Goat Migratory Birds Upland Game, Furbearer and Turkey Big Game Hunting Harvest Statistics Drawing Odds Controlled Hunt Drawing Results State of Deer and Elk Monitoring For…",Chinook salmon,,,https://idfg.idaho.gov/fish/chinook/harvest,,exact_or_alias
81a1e1e90c3c09327d,2026-07-16,very_current,10,37,Owyhee,Snake River,official_harvest_report,Idaho Fish and Game,True,,Chinook salmon harvest report,"Chinook Harvest Report | Idaho Fish and Game Skip to main content Idaho Official Government Website | Buy a License Search Hunting Toggle submenu Hunting in Idaho Seasons and Rules Big Game Seasons and Rules Moose, Bighorn Sheep and Mountain Goat Migratory Birds Upland Game, Furbearer and Turkey Big Game Hunting Harvest Statistics Drawing Odds Controlled Hunt Drawing Results State of Deer and Elk Monitoring For…",Chinook salmon,,,https://idfg.idaho.gov/fish/chinook/harvest,,exact_or_alias
81a1e1e90c3c09327d,2026-07-16,very_current,10,31,Lewis,North Fork Clearwater River,official_harvest_report,Idaho Fish and Game,True,,Chinook salmon harvest report,"Chinook Harvest Report | Idaho Fish and Game Skip to main content Idaho Official Government Website | Buy a License Search Hunting Toggle submenu Hunting in Idaho Seasons and Rules Big Game Seasons and Rules Moose, Bighorn Sheep and Mountain Goat Migratory Birds Upland Game, Furbearer and Turkey Big Game Hunting Harvest Statistics Drawing Odds Controlled Hunt Drawing Results State of Deer and Elk Monitoring For…",Chinook salmon,,,https://idfg.idaho.gov/fish/chinook/harvest,,conservative_fuzzy
81a1e1e90c3c09327d,2026-07-16,very_current,10,30,Lemhi,Salmon River,official_harvest_report,Idaho Fish and Game,True,,Chinook salmon harvest report,"Chinook Harvest Report | Idaho Fish and Game Skip to main content Idaho Official Government Website | Buy a License Search Hunting Toggle submenu Hunting in Idaho Seasons and Rules Big Game Seasons and Rules Moose, Bighorn Sheep and Mountain Goat Migratory Birds Upland Game, Furbearer and Turkey Big Game Hunting Harvest Statistics Drawing Odds Controlled Hunt Drawing Results State of Deer and Elk Monitoring For…",Chinook salmon,,,https://idfg.idaho.gov/fish/chinook/harvest,,exact_or_alias
a5c47a140b01115fee,2026-07-14,very_current,12,30,Lemhi,Salmon River,official_fishing_update,Idaho Fish and Game,True,,"July 14, 2026 South Fork Salmon River Chinook Update","Home Press Releases and Articles idfg-jmessner Tuesday, July 14, 2026 - 12:52 PM MDT South Fork Chinook Fishing Just Keeps Getting Better Proposal Would Increase Daily Limit to Two Adults Good news continues for South Fork Chinook anglers. The South Fork Salmon River fishery remains open seven days per week, and this Thursday (July 16) the Idaho Fish and Game Commission will consider a proposal to increase the daily…",,,,https://idfg.idaho.gov/article/july-14-2026-south-fork-salmon-river-chinook-update,,
64e9036c168d665411,2026-07-13,very_current,13,19,Custer,Valley Creek,official_fishing_update,Idaho Fish and Game,True,,Chinook fishing on the Upper Salmon River will end on July 15,"Home Press Releases and Articles idfg-cliess Monday, July 13, 2026 - 2:06 PM MDT Idaho Fish and Game will close fishing for Chinook salmon on the Upper Salmon River from the posted boundary just upstream of the mouth of Valley Creek upstream to the posted boundary just downstream of the Sawtooth Hatchery weir at the end of fishing hours on July 15. Fishing is still open on the Lochsa River and the South Fork Salmon…",,,,https://idfg.idaho.gov/article/chinook-fishing-upper-salmon-river-will-end-july-15,,
64e9036c168d665411,2026-07-13,very_current,13,30,Lemhi,Salmon River,official_fishing_update,Idaho Fish and Game,True,,Chinook fishing on the Upper Salmon River will end on July 15,"Home Press Releases and Articles idfg-cliess Monday, July 13, 2026 - 2:06 PM MDT Idaho Fish and Game will close fishing for Chinook salmon on the Upper Salmon River from the posted boundary just upstream of the mouth of Valley Creek upstream to the posted boundary just downstream of the Sawtooth Hatchery weir at the end of fishing hours on July 15. Fishing is still open on the Lochsa River and the South Fork Salmon…",,,,https://idfg.idaho.gov/article/chinook-fishing-upper-salmon-river-will-end-july-15,,
2c62c59302197ff2e4,2026-07-09,current,17,,,,official_statewide_or_regional_update,Idaho Fish and Game,True,,F&G releases the first generation of 'captive broodstock' kokanee,"Home Press Releases and Articles idfg-rphillips Thursday, July 9, 2026 - 7:10 AM MDT Young kokanee are the offspring of adults raised at hatcheries About four years ago, a “What if?” idea became reality, and kokanee anglers will soon be catching the results. During June, about a million kokanee fingerlings raised from Idaho Fish and Game’s first “captive broodstock” were released into Idaho’s lakes and reservoirs…",,,,https://idfg.idaho.gov/article/fg-releases-first-generation-captive-broodstock-kokanee,,
6b932ed91a40e7cf82,2026-07-09,current,17,,,,official_statewide_or_regional_update,Idaho Fish and Game,True,,"Young angler lands a new state record chiselmouth. Also, what is a chiselmouth?","Home Press Releases and Articles idfg-cliess Thursday, July 9, 2026 - 3:51 PM MDT What is a chiselmouth, you may ask? And better yet, what does it take to get one in the record books? Before our Sportfishing Program Coordinator could close Idaho’s record books during what’s turned into a wallop of a record fish season, Carmen, Idaho angler Akeley Fahnholz tossed her hat into the ring. While fishing on June 8 along…",,,,https://idfg.idaho.gov/article/young-angler-lands-new-state-record-chiselmouth-also-what-chiselmouth,,
97ed3ff6ce5507c389,2026-07-08,current,18,1,Ada,Boise River,official_fishing_update,Idaho Fish and Game,True,,F&G closes access to Boise River WMA due to Claremont Fire,"Home Press Releases and Articles idfg-bpearson Wednesday, July 8, 2026 - 9:02 AM MDT UPDATE: Some trails on the Boise River WMA have reopened; however, the status of roads and trails around the Claremont Fire is evolving. Please abide by posted signage and stay off roads and trails marked as closed. Fish and Game’s Southwest Region has closed access to the Boise River WMA due to the Claremont Fire, in coordination…",,,,https://idfg.idaho.gov/article/fg-closes-access-boise-river-wma-due-claremont-fire,,
97ed3ff6ce5507c389,2026-07-08,current,18,14,Canyon,Boise River,official_fishing_update,Idaho Fish and Game,True,,F&G closes access to Boise River WMA due to Claremont Fire,"Home Press Releases and Articles idfg-bpearson Wednesday, July 8, 2026 - 9:02 AM MDT UPDATE: Some trails on the Boise River WMA have reopened; however, the status of roads and trails around the Claremont Fire is evolving. Please abide by posted signage and stay off roads and trails marked as closed. Fish and Game’s Southwest Region has closed access to the Boise River WMA due to the Claremont Fire, in coordination…",,,,https://idfg.idaho.gov/article/fg-closes-access-boise-river-wma-due-claremont-fire,,
c072901584fd8f7a1c,2026-07-08,current,18,,,,official_statewide_or_regional_update,Idaho Fish and Game,True,,Fish and Game stocking jack Chinook salmon in New Meadows pond,"Home Press Releases and Articles idfg-jmessner Wednesday, July 8, 2026 - 10:50 AM MDT Looking to reel in a salmon without heading to the river? Idaho Fish and Game is stocking Meadow Creek Pond with surplus jack Chinook salmon this week, giving anglers a rare opportunity to catch these tasty fish close to home. Approximately 100 jack Chinook salmon (less than 24 inches) from the Rapid River Hatchery will be stocked…",,,,https://idfg.idaho.gov/article/fish-and-game-stocking-jack-chinook-salmon-new-meadows-pond,,
72a809057b393424b8,2026-07-08,current,18,30,Lemhi,Salmon River,official_fishing_update,Idaho Fish and Game,True,,"July 8, 2026 South Fork Salmon River Chinook Update","Home Press Releases and Articles idfg-jmessner Wednesday, July 8, 2026 - 2:29 PM MDT South Fork Salmon River Fishery Expands to Seven Days per Week The South Fork Salmon River Chinook fishery is expanding to seven days per week, effective today (July 8). With roughly half of our harvest share still available and fishing conditions beginning to change, the IDFG Director has authorized an in-season adjustment that…",,,,https://idfg.idaho.gov/article/july-8-2026-south-fork-salmon-river-chinook-update,,
69c4a37d08753a794b,2026-07-08,current,18,30,Lemhi,Salmon River,official_fishing_update,Idaho Fish and Game,True,,SF Salmon River Chinook salmon fishery to open seven days per week,"Home Press Releases and Articles idfg-cliess Wednesday, July 8, 2026 - 9:22 AM MDT This change is being implemented to increase the likelihood of reaching the harvest share. Beginning July 8, the Chinook salmon fishing season on the South Fork Salmon River will increase from four days per week to seven days per week. With water levels dropping and water temperatures increasing, this change is being implemented to…",,,,https://idfg.idaho.gov/article/sf-salmon-river-chinook-salmon-fishery-open-seven-days-week,,
9cd7d0034821f01a27,2026-07-08,current,18,30,Lemhi,Salmon River,official_fishing_update,Idaho Fish and Game,True,,Upper Salmon River Chinook update - 7/8/2026,"Home Press Releases and Articles idfg-gschoby Wednesday, July 8, 2026 - 4:58 PM MDT Here’s the latest update for the upper Salmon River Chinook fishery, with the most recent numbers through Sunday July 5, 2026. For the upper Salmon River Chinook fishery to date we estimate: Anglers have harvested 103 hatchery adult Chinook salmon and 8 hatchery jacks and have released an estimated 19 unclipped adult salmon. Angler…",,,,https://idfg.idaho.gov/article/upper-salmon-river-chinook-update-782026,,
aa93955681dc7bc5dd,2026-07-03,current,23,,,,official_statewide_or_regional_update,Idaho Fish and Game,True,,Fish salvage order issued for the Big Wood River below Magic Dam and the Richfield Canal Diversion,"Home Press Releases and Articles idfg-Kenzie.Baratti Friday, July 3, 2026 - 6:15 AM MDT Idaho Fish and Game’s Magic Valley Region has been informed by the Big Wood Canal Company that the gates on Magic Reservoir Dam will be closing sometime around July 5, leading to substantial flow reductions or cessation of flow which functionally de-waters the Big Wood River approximately 1.25 miles below the dam and the…",,,,https://idfg.idaho.gov/article/fish-salvage-order-issued-big-wood-river-below-magic-dam-and-richfield-canal-diversion-0,,
c0c0e6516ad63ae1ba,2026-07-01,current,25,14,Canyon,Snake River,official_fishing_update,Idaho Fish and Game,True,,Georgia angler reels in new Idaho catch-and-release record brown trout,"Home Press Releases and Articles idfg-cliess Wednesday, July 1, 2026 - 1:17 PM MDT Idaho’s South Fork Snake River is no stranger when it comes to productive brown trout fishing. This trophy river — one of Idaho’s most legendary — is known to regularly hold brownies, known for their yellowish bodies and long, angular faces. Although not native to Idaho’s waters, brown trout offer some of the most exciting fishing…",,,,https://idfg.idaho.gov/article/georgia-angler-reels-new-idaho-catch-and-release-record-brown-trout,,
c0c0e6516ad63ae1ba,2026-07-01,current,25,37,Owyhee,Snake River,official_fishing_update,Idaho Fish and Game,True,,Georgia angler reels in new Idaho catch-and-release record brown trout,"Home Press Releases and Articles idfg-cliess Wednesday, July 1, 2026 - 1:17 PM MDT Idaho’s South Fork Snake River is no stranger when it comes to productive brown trout fishing. This trophy river — one of Idaho’s most legendary — is known to regularly hold brownies, known for their yellowish bodies and long, angular faces. Although not native to Idaho’s waters, brown trout offer some of the most exciting fishing…",,,,https://idfg.idaho.gov/article/georgia-angler-reels-new-idaho-catch-and-release-record-brown-trout,,
d056b7051bf82cf048,2026-07-01,current,25,30,Lemhi,Salmon River,official_fishing_update,Idaho Fish and Game,True,,Upper Salmon River Chinook update - 7/1/2026,"Home Press Releases and Articles idfg-gschoby Wednesday, July 1, 2026 - 2:39 PM MDT Here’s the latest update for the upper Salmon River Chinook fishery, with the most recent numbers through Sunday June 28, 2026. Through the first two weeks of the fishery, we estimate: Anglers harvested 68 hatchery adult salmon and released an estimated 17 unclipped adult salmon. Angler effort over the past week was 2,019 hours (a…",,,,https://idfg.idaho.gov/article/upper-salmon-river-chinook-update-712026,,
9d1edd1c01199e81ad,2026-07-01,current,25,,,,official_statewide_or_regional_update,Idaho Fish and Game,True,,What's going on with the Payette Lake fishery?,"Home Press Releases and Articles idfg-jmessner Wednesday, July 1, 2026 - 1:02 PM MDT While you may have a harder time filling your six-fish limit of kokanee at Payette Lake this year than in the past several, the fish are enormous. If you've fished Payette Lake for kokanee this year, you already know the catch has been slower than it's been in a while. I'm not going to sugarcoat it: Kokanee abundance is down this…",,,,https://idfg.idaho.gov/article/whats-going-payette-lake-fishery,,
6a1815ce9a62459c86,2026-06-30,current,26,30,Lemhi,Salmon River,official_fishing_update,Idaho Fish and Game,True,,"June 30, 2026 South Fork Salmon River Chinook Update","Home Press Releases and Articles idfg-jmessner Tuesday, June 30, 2026 - 3:40 PM MDT by Jordan Messner - Regional Fisheries Manager Fishery Update The second fishing interval on the South Fork Salmon River was a cold, wet one, and the weather definitely affected angler turnout. We observed just over half the fishing effort compared to the opening four-day interval. For those willing to brave the rain and chilly…",,,,https://idfg.idaho.gov/article/june-30-2026-south-fork-salmon-river-chinook-update,,
ac18ffc54e4b6e8d23,2026-06-30,current,26,,,,official_statewide_or_regional_update,Idaho Fish and Game,True,,Rainbow trout stocking schedule for July 2026 in the Clearwater Region,"Home Press Releases and Articles idfg-jbruns Tuesday, June 30, 2026 - 9:45 AM MDT Fish and Game staff will be stocking approximately 3,500 catchable-size (10 to 12 inch) trout at the two following locations within the Clearwater Region in July! Stocking of all waters is tentative and dependent on river/lake/pond conditions (angler safety concerns); dates may change due to weather or staffing constraints. If you need…",,,,https://idfg.idaho.gov/article/rainbow-trout-stocking-schedule-july-2026-clearwater-region,,
d34c3c37af13d4ada2,2026-06-30,current,26,,,,official_statewide_or_regional_update,Idaho Fish and Game,True,,Rainbow trout stocking schedule for July 2026 in the Magic Valley Region,"Home Press Releases and Articles idfg-Kenzie.Baratti Tuesday, June 30, 2026 - 10:25 AM MDT Approximately 25,785 catchable rainbow trout will be stocked in area waters in July Hatchery personnel from Fish and Game’s Magic Valley Region will be stocking approximately 25,785 10-12” catchable-sized rainbow trout in July. The stocking date and numbers of fish are approximate. Stocking of all waters is tentative and…",,,,https://idfg.idaho.gov/article/rainbow-trout-stocking-schedule-july-2026-magic-valley-region,,
6a69d707ae458b9ba4,2026-06-30,current,26,,,,official_statewide_or_regional_update,Idaho Fish and Game,True,,Southwest Region rainbow trout stocking schedule - July,"Home Press Releases and Articles idfg-bpearson Tuesday, June 30, 2026 - 9:02 AM MDT Fish and Game staff will stock more than 26,000 catchable-size (10 to 12 inch) trout throughout the Southwest Region in July. All fish stocked are rainbow trout. Stocking of all waters is tentative and dependent on river/lake/pond conditions (angler safety concerns); dates may change due to weather or staffing constraints. McCall…",,,,https://idfg.idaho.gov/article/southwest-region-rainbow-trout-stocking-schedule-july-1,,
124a2f1deb6f475fa7,2026-06-29,current,27,,,,official_statewide_or_regional_update,Idaho Fish and Game,True,,July Fish Stocking Planned for the Upper Snake Region,"Home Press Releases and Articles idfg-jbrower Monday, June 29, 2026 - 10:54 AM MDT More than 18,000 catchable trout will be making their way into lakes, ponds, and streams across the Upper Snake Region this July. If your Independence Day plans include time on the water, don’t forget to pack your fishing gear. Throughout the month, stocking crews will release 18,300 catchable‑size rainbow trout — between 10 and 12…",,,,https://idfg.idaho.gov/article/july-fish-stocking-planned-upper-snake-region,,
60e72dd0ed0b550352,2026-06-29,current,27,,,,official_statewide_or_regional_update,Idaho Fish and Game,True,,July trout stocking schedule for the Southeast Region,"Home Press Releases and Articles idfg-jjackson Monday, June 29, 2026 - 9:46 PM MDT Grab your fishing pole, pack the cooler, and don’t forget your fishing license (or the bug spray)! Personnel from Idaho Fish and Game’s hatcheries in the Southeast Region will be releasing nearly 10,000 catchable-sized rainbow trout at various locations during July. Have a happy and safe 4th of July! Fish on! Nearly 10,000 rainbow…",,,,https://idfg.idaho.gov/article/july-trout-stocking-schedule-southeast-region-3,,
06c2b651a1f7e29311,2026-06-29,current,27,,,,official_statewide_or_regional_update,Idaho Fish and Game,True,,Statewide trout stocking highlights for July 2026,"Home Press Releases and Articles idfg-cliess Monday, June 29, 2026 - 8:57 AM MDT Approximately 110,000 catchable-sized rainbow trout will be stocked throughout the state this July. Many of Idaho’s lakes and ponds are soon going to be bolstered with Idaho Fish and Game stocking over 110,000 catchable-sized rainbow trout this July. Wondering if the stocking trucks are going to be backing up to your favorite fishing…",,,,https://idfg.idaho.gov/article/statewide-trout-stocking-highlights-july-2026,,
5b862656ab596008df,2026-06-26,current,30,29,Latah,Moose Creek Reservoir,official_fishing_update,Idaho Fish and Game,True,,Managing Moose Creek Reservoir: Making Fishing Better,"Home Press Releases and Articles idfg-cghere Friday, June 26, 2026 - 10:20 AM MDT Located near the town of Bovill, Moose Creek Reservoir is a popular family fishing water in the Clearwater Region. However, Moose Creek Reservoir has a history of invasive Pondweed overtaking the fishery, creating poor conditions for both fish and anglers. In November 2024, Fish and Game completed a sustained winter draw down of the…",,,,https://idfg.idaho.gov/article/managing-moose-creek-reservoir-making-fishing-better,,
959dd81c66eb48d571,2026-06-25,recent,31,,,,official_statewide_or_regional_update,Idaho Fish and Game,True,,2026 Dworshak Reservoir Kokanee Update,"Home Press Releases and Articles idfg-tzumwalt Thursday, June 25, 2026 - 9:49 AM MDT Last year was an excellent year for anglers seeking larger kokanee in Dworshak Reservoir. While the number of fish available was below average, the fish that were present were noticeably larger than normal. Age-2 and age-3 kokanee are the primary adult age classes in the fishery and are the fish large enough to get targeted by…",,,,https://idfg.idaho.gov/article/2026-dworshak-reservoir-kokanee-update,,
5cbebdeb90c6a3a110,2026-06-25,recent,31,,,,official_statewide_or_regional_update,Idaho Fish and Game,True,,2026 Dworshak Reservoir Smallmouth Bass Update,"Home Press Releases and Articles idfg-jbruns Thursday, June 25, 2026 - 10:09 AM MDT 2025 Fishery summary Smallmouth bass fishing on Dworshak Reservoir in 2025 continued to provide anglers with both high catch rates and excellent trophy opportunities. Anglers reported consistent success throughout the reservoir, with strong numbers of fish available across multiple size classes, including quality-sized bass capable…",,,,https://idfg.idaho.gov/article/2026-dworshak-reservoir-smallmouth-bass-update,,
dbfd6997d4a84af5ea,2026-06-25,recent,31,,,,official_statewide_or_regional_update,Idaho Fish and Game,True,,VIDEO: Fish Creek weir provides another year of insight into Idaho's wild steelhead populations,"Home Press Releases and Articles idfg-jbruns Thursday, June 25, 2026 - 10:44 AM MDT Annual monitoring at Fish Creek has wrapped up for the season, providing another year of valuable information about one of Idaho's important wild steelhead populations. The Lochsa River and its tributaries, including Fish Creek , are managed as a wild steelhead refuge where hatchery steelhead are absent and steelhead fishing is…",,,,https://idfg.idaho.gov/article/video-fish-creek-weir-provides-another-year-insight-idahos-wild-steelhead-populations,,
f38d71b434ce510c4f,2026-06-23,recent,33,30,Lemhi,Salmon River,official_fishing_update,Idaho Fish and Game,True,,"June 23, 2026 South Fork Salmon River Chinook Update","Home Press Releases and Articles idfg-jmessner Tuesday, June 23, 2026 - 4:16 PM MDT by Jordan Messner - Regional Fisheries Manager South Fork Chinook Update: Better Fishing Ahead? Hi everyone, The South Fork Salmon River Chinook fishery opened last Thursday, June 18, and while fishing was a bit slower than I expected during the first four-day interval, there is still plenty of reason for optimism – its only going to…",,,,https://idfg.idaho.gov/article/june-23-2026-south-fork-salmon-river-chinook-update,,
3c0f8b21a93d76d4f1,2026-06-23,recent,33,30,Lemhi,Salmon River,official_fishing_update,Idaho Fish and Game,True,,Upper Salmon River Chinook fishery update - 6/23/2026,"Home Press Releases and Articles idfg-gschoby Tuesday, June 23, 2026 - 4:27 PM MDT The upper Salmon River fishery opened last week (6/18/26), and we estimated that 15 hatchery adult Chinook Salmon were harvested during the first four days of the fishery. There were also 4 wild Chinook Salmon that were caught and released. Angler effort was relatively high during the opening weekend with an estimated 1,343 hours of…",,,,https://idfg.idaho.gov/article/upper-salmon-river-chinook-fishery-update-6232026,,
8e6fceb4646adcaf6b,2026-06-22,recent,34,,,,official_statewide_or_regional_update,Idaho Fish and Game,True,,Idaho Falls angler lands 43.25-inch lake trout…and returns to the Idaho record books,"Home Press Releases and Articles idfg-cliess Monday, June 22, 2026 - 1:26 PM MDT An Idaho Falls angler miraculously reeled in a new state catch-and-release record lake trout and, even more unbelievably , was able to hoist it up into the boat. Dylan Smith — the lucky angler in question — was fishing on Payette Lake in McCall on May 2 when a 43.25-inch lake trout took the line for a sprint. Smith was able to land the…",,,,https://idfg.idaho.gov/article/idaho-falls-angler-lands-4325-inch-lake-troutand-returns-idaho-record-books,,
d3aca8ab36a6970981,2026-06-22,recent,34,,,,official_statewide_or_regional_update,Idaho Fish and Game,True,,"Walleye are a bad match for Idaho waters, and F&G asks anglers to help stop their expansion","Home Press Releases and Articles idfg-rphillips Monday, June 22, 2026 - 1:00 PM MDT Walleye are typically a bad match for Idaho because they are native to large Midwestern lakes that have nearly unlimited schools of minnows, shiners and other baitfish that walleye live on. Those large baitfish populations are unavailable in most Idaho waters, which means walleye consume game fish to survive, and most Idaho anglers…",,,,https://idfg.idaho.gov/article/walleye-are-bad-match-idaho-waters-and-fg-asks-anglers-help-stop-their-expansion,,
7313a418de90acfd77,2026-06-18,recent,38,,,,official_statewide_or_regional_update,Idaho Fish and Game,True,,Idaho Fish and Game relocates yearling moose from Rupert,"Home Press Releases and Articles idfg-Kenzie.Baratti Thursday, June 18, 2026 - 8:46 PM MDT Wildlife staff safely captured and relocated a yearling moose to more suitable moose habitat in the southeastern portion of the region On Thursday, June 18, a yearling moose was relocated after the Magic Valley Region received a report of the moose in a residential yard in Rupert near Interstate 84. Idaho Fish and Game…",,,,https://idfg.idaho.gov/article/idaho-fish-and-game-relocates-yearling-moose-rupert,,
52b8459775ac2e6e42,2026-06-17,recent,39,,,,official_statewide_or_regional_update,Idaho Fish and Game,True,,Fish and Game begins grizzly bear research trapping in the northern Panhandle Region,"Home Press Releases and Articles idfg-tjross Wednesday, June 17, 2026 - 2:13 PM MDT It is extremely important that the public respect warning signs and not enter posted areas As part of ongoing efforts to monitor the population of grizzly bears in the Selkirk and Cabinet/Yaak Ecosystems, biologists from Idaho Fish and Game have begun research trapping of grizzly bears in the Panhandle Region. Trapping will occur in…",,,,https://idfg.idaho.gov/article/fish-and-game-begins-grizzly-bear-research-trapping-northern-panhandle-region,,
8fedcab043ee5962e6,2026-06-17,recent,39,30,Lemhi,Salmon River,official_fishing_update,Idaho Fish and Game,True,,Upper Salmon River Chinook update - 6/17/2026,"Home Press Releases and Articles idfg-gschoby Wednesday, June 17, 2026 - 9:46 AM MDT Below is the fourth and final pre-season update for the upper Salmon River Chinook return and fishery that will open tomorrow Thursday June 18th . This one will be brief, but I wanted to get a quick update posted prior to the opener. After this, we’ll post weekly updates on angler harvest throughout the fishery as it progresses…",,,,https://idfg.idaho.gov/article/upper-salmon-river-chinook-update-6172026,,
a3c0a5fe5883ed2e7d,2026-06-16,recent,40,30,Lemhi,Salmon River,official_fishing_update,Idaho Fish and Game,True,,"June 16, 2026 South Fork Salmon River Chinook Update","Home Press Releases and Articles idfg-jmessner Tuesday, June 16, 2026 - 1:13 PM MDT by Jordan Messner - Regional Fisheries Manager South Fork Salmon River Opener: The Fish Are Here! Hi everyone, The South Fork Salmon River summer Chinook fishery opens this Thursday, June 18, and I'm sure you're all just as excited as I am. The run continues to build, and we're refining our harvest share estimate daily as more fish…",,,,https://idfg.idaho.gov/article/june-16-2026-south-fork-salmon-river-chinook-update,,
6e354c7d33b1f5ab4c,2026-06-16,recent,40,,,,official_statewide_or_regional_update,Idaho Fish and Game,True,,Niagara Springs Fish Hatchery closed to the public for construction beginning June 22,"Home Press Releases and Articles idfg-Kenzie.Baratti Tuesday, June 16, 2026 - 2:49 PM MDT The Idaho Department of Fish and Game's Niagara Springs Fish Hatchery will be temporarily closed to the public beginning June 22 while construction crews upgrade the facility's predator exclusion mesh panels. These upgrades are necessary to protect hatchery fish reared at the facility from birds and other wildlife. The closure…",,,,https://idfg.idaho.gov/article/niagara-springs-fish-hatchery-closed-public-construction-beginning-june-22,,
747072ae088e4a61f5,2026-06-15,recent,41,,,,official_statewide_or_regional_update,Idaho Fish and Game,True,,Drought and heat can be a bad combination for Idaho fisheries,"Home Press Releases and Articles idfg-rphillips Monday, June 15, 2026 - 10:44 AM MDT Anglers can expect to lose some fishing opportunities this summer. With severe drought in Idaho and summer heat on the way, it’s likely anglers will lose some fishing opportunities, but Idaho Fish and Game will work to mitigate if it will provide benefits. “Drought affects many aspects of Idaho life, including fisheries, and we’re…",,,,https://idfg.idaho.gov/article/drought-and-heat-can-be-bad-combination-idaho-fisheries,,
bacab710eda82731a4,2026-06-15,recent,41,,,,official_statewide_or_regional_update,Idaho Fish and Game,True,,"Fish and Game, city police and fire departments relocate black bear from Nampa neighborhood","Home Press Releases and Articles idfg-bpearson Monday, June 15, 2026 - 5:03 PM MDT On Sunday, June 14, Idaho Fish and Game enforcement officers and biologists responded to a report of a black bear in a tree in a residential area in Nampa. In collaboration with the Nampa Police and Fire Departments, Fish and Game staff sedated the yearling male black bear, loaded it into a trap, and transported it to a suitable…",,,,https://idfg.idaho.gov/article/fish-and-game-city-police-and-fire-departments-relocate-black-bear-nampa-neighborhood,,
aed6cd05c5b5d6fdcf,2026-06-11,recent,45,,,,official_statewide_or_regional_update,Idaho Fish and Game,True,,Southwest Region rainbow trout stocking schedule - June,"Home Press Releases and Articles idfg-bpearson Thursday, June 11, 2026 - 10:16 AM MDT Fish and Game staff will be stocking more than 91,000 catchable-size (10 to 12 inch) trout throughout the Southwest Region in June, including around 35,000 in the week leading up to Free Fishing Day, which is Saturday, June 13 this year. All fish stocked are rainbow trout. Stocking of all waters is tentative and dependent on…",,,,https://idfg.idaho.gov/article/southwest-region-rainbow-trout-stocking-schedule-june-1,,
a7e862474f4d54d04b,2026-06-11,recent,45,30,Lemhi,Salmon River,official_fishing_update,Idaho Fish and Game,True,,Upper Salmon River Chinook update - 6/11/2026,"Home Press Releases and Articles idfg-gschoby Thursday, June 11, 2026 - 2:15 PM MDT Below is the third pre-season update for the upper Salmon River Chinook return and upcoming fishery that will open on June 18th. As you are aware the IDFG Commission approved the proposals for Chinook fisheries in the upper Salmon River, South Fork Salmon River, and Lochsa River on 5/29. More details can be found here . Sawtooth…",,,,https://idfg.idaho.gov/article/upper-salmon-river-chinook-update-6112026,,
00aaadd2c148db6a1f,2026-06-08,recent,48,,,,official_statewide_or_regional_update,Idaho Fish and Game,True,,Attention hunters and anglers: New rules for tag exchanges and lifetime licenses will be in effect for 2026,"Home Press Releases and Articles idfg-rphillips Monday, June 8, 2026 - 2:32 PM MDT Deer and Elk Hunters: New deadline date for exchanging general season tags The new deadline to exchange general season deer and elk tags is July 31. No exchanges will be processed after that date. This includes exchanging a general season deer or elk tag for controlled hunt tags, Landowner Appreciation Program tags, Extra tags, and…",,,,https://idfg.idaho.gov/article/attention-hunters-and-anglers-new-rules-tag-exchanges-and-lifetime-licenses-will-be-effect,,
d43ecd41c1936b70e3,2026-06-08,recent,48,15,Caribou,Blackfoot,official_fishing_update,Idaho Fish and Game,True,,Blackfoot ranchers Mark and Wendy Pratt receive award from Western Association of Fish and Wildlife Agencies,"Home Press Releases and Articles idfg-rphillips Monday, June 8, 2026 - 2:40 PM MDT Couple has worked extensively with Fish and Game on wildlife research and public access Mark and Wendy Pratt of Blackfoot were recently presented the Western Association of Fish and Wildlife Agency’s “Outstanding Citizen Wildlife Contributor of the Year Award” for their exemplary work balancing private land stewardship, wildlife…",,,,https://idfg.idaho.gov/article/blackfoot-ranchers-mark-and-wendy-pratt-receive-award-western-association-fish-and-wildlife,,
c5993dc1f912861d67,2026-06-08,recent,48,30,Lemhi,Salmon River,official_fishing_update,Idaho Fish and Game,True,,Chinook fishing in the Little Salmon River is closed,"Home Press Releases and Articles idfg-rphillips Monday, June 8, 2026 - 3:37 PM MDT Idaho Fish and Game closed sport fishery for Chinook salmon in the Little Salmon River on June 8 after harvest objectives were met. As of June 8, the Lochsa River is the only remaining Chinook fishery open. The South Fork Salmon River and Upper Salmon River will open for Chinook fishing on June 18. For updates on all Chinook fishing…",,,,https://idfg.idaho.gov/article/chinook-fishing-little-salmon-river-closed,,
be3ed009c94dc3990c,2026-06-08,recent,48,14,Canyon,Snake River,official_fishing_update,Idaho Fish and Game,True,,Tagging and learning about walleye in the lower Snake River,"Home Press Releases and Articles idfg-mdobos Monday, June 8, 2026 - 1:40 PM MDT Anglers are encountering more walleye in the Snake River from Lewiston to Hells Canyon Dam in the past couple of years and some are wondering why. The first walleye documented in this section of the Snake River was in 2019. Since then, the number of reported walleye has substantially increased and the Idaho Department of Fish and Game…",,,,https://idfg.idaho.gov/article/tagging-and-learning-about-walleye-lower-snake-river,,
be3ed009c94dc3990c,2026-06-08,recent,48,37,Owyhee,Snake River,official_fishing_update,Idaho Fish and Game,True,,Tagging and learning about walleye in the lower Snake River,"Home Press Releases and Articles idfg-mdobos Monday, June 8, 2026 - 1:40 PM MDT Anglers are encountering more walleye in the Snake River from Lewiston to Hells Canyon Dam in the past couple of years and some are wondering why. The first walleye documented in this section of the Snake River was in 2019. Since then, the number of reported walleye has substantially increased and the Idaho Department of Fish and Game…",,,,https://idfg.idaho.gov/article/tagging-and-learning-about-walleye-lower-snake-river,,
8ff60687008cac5091,2026-06-04,recent,52,,,,official_statewide_or_regional_update,Idaho Fish and Game,True,,Catch the fun on Free Fishing Day June 13,"Home Press Releases and Articles idfg-gschoby Thursday, June 4, 2026 - 2:55 PM MDT All kids will go home with a prize at Salmon Region events Young anglers will have plenty of opportunity to catch a Free Fishing Day event in the Salmon Region this year, as three fishing derbies are being held on Saturday, June 13. Kid’s fishing derbies will be held at Kid’s Pond in Salmon (9:00 am to noon), Blue Mountain Meadow Pond…",,,,https://idfg.idaho.gov/article/catch-fun-free-fishing-day-june-13,,
3b95fef5cfb518c9eb,2026-06-04,recent,52,,,,official_statewide_or_regional_update,Idaho Fish and Game,True,,"No matter where you live in Idaho, Free Fishing Day on June 13 offers fun for the whole family","Home Press Releases and Articles idfg-cliess Thursday, June 4, 2026 - 11:53 AM MDT Fish and Game will host statewide events to help beginners get started. On June 13, anyone can get out and enjoy a day of fishing without a fishing license, but all other rules still apply. Free Fishing Day is an Idaho tradition that includes Fish and Game employees and volunteers bringing fishing gear to various fishing spots and…",,,,https://idfg.idaho.gov/article/no-matter-where-you-live-idaho-free-fishing-day-june-13-offers-fun-whole-family,,
35863cdd3ed0f178cc,2026-06-04,recent,52,,,,official_statewide_or_regional_update,Idaho Fish and Game,True,,So you want to take your kids fishing...,"Home Press Releases and Articles idfg-cliess Thursday, June 4, 2026 - 9:55 AM MDT Follow these 10 tips to get your kiddos hooked on fishing. If you want to be rock star to your kids this summer, there's one surefire way to achieve stardom: Taking them fishing. And there's no better time to do so than Free Fishing Day in Idaho. From the fresh air to the excitement of feeling a tug on your line, fishing provides the…",,,,https://idfg.idaho.gov/article/so-you-want-take-your-kids-fishing,,
701946723f82f9d816,2026-06-03,recent,53,,,,official_statewide_or_regional_update,Idaho Fish and Game,True,,"Over 11,000 catchable rainbow trout are headed for lakes in the Panhandle Region in June","Home Press Releases and Articles idfg-tjross Wednesday, June 3, 2026 - 5:19 PM MDT School is almost out and fish are stocked and ready to be caught Students will soon be released from school, and rainbow trout are being released in waters all over the Panhandle in June! Over 11,000 catchable-size (10 to 12 inch) rainbow trout will be stocked in the Panhandle Region in June. Stocking of all waters is tentative and…",,,,https://idfg.idaho.gov/article/over-11000-catchable-rainbow-trout-are-headed-lakes-panhandle-region-june,,
965ff8d86e3f123b07,2026-06-03,recent,53,9,Bonner,Crystal Lake,official_fishing_update,Idaho Fish and Game,True,,Parking area at Fish and Game access site on Crystal Lake near Priest River closed for emergency road repairs,"Home Press Releases and Articles idfg-tjross Wednesday, June 3, 2026 - 4:33 PM MDT Repairs will improve safety and long-term access for anglers Idaho Fish and Game has temporarily closed the parking area at the Crystal Lake access site , located about two miles east of Priest River along Highway 2, after staff discovered a sinkhole beneath the roadway that poses a hazard to vehicles. The closure will allow Fish and…",,,,https://idfg.idaho.gov/article/parking-area-fish-and-game-access-site-crystal-lake-near-priest-river-closed-emergency-road,,
27fa33c0c0ad35db18,2026-06-02,recent,54,,,,official_statewide_or_regional_update,Idaho Fish and Game,True,,Dust off that old fishing gear for Free Fishing Day and beyond,"Home Press Releases and Articles idfg-rphillips Tuesday, June 2, 2026 - 2:52 PM MDT Free Fishing Day is June 13, and it’s a great opportunity to be outdoors and get acquainted with Idaho’s great fishing spots. Fishing is an inexpensive sport because you can get all the gear you need for about $50 (or less). But odds are good you have some old fishing gear laying around the house, or someone in your family has some…",,,,https://idfg.idaho.gov/article/dust-old-fishing-gear-free-fishing-day-and-beyond,,
4d19281fd494953a86,2026-06-02,recent,54,,,,official_statewide_or_regional_update,Idaho Fish and Game,True,,June trout stocking schedule for the Southeast Region,"Home Press Releases and Articles idfg-jjackson Tuesday, June 2, 2026 - 6:41 PM MDT Remember Free Fishing Day is on June 13 this year! Grab your fishing pole, pack the cooler, and don’t forget your fishing license! Personnel from Idaho Fish and Game’s hatcheries in the Southeast Region will be releasing over 14,000 catchable-sized rainbow trout at various locations during June. Don’t forget, June 13 is Free Fishing…",,,,https://idfg.idaho.gov/article/june-trout-stocking-schedule-southeast-region-1,,
f0858accb90f890015,2026-06-01,recent,55,,,,official_statewide_or_regional_update,Idaho Fish and Game,True,,Digital kiosks provide Idaho Fish and Game information at key recreation sites,"Home Press Releases and Articles idfg-jbruns Monday, June 1, 2026 - 1:31 PM MDT Idaho Fish and Game is partnering with the Bureau of Land Management (BLM) Cottonwood Field Office to provide outdoor recreationists with easier access to hunting, fishing, boating, and wildlife information through a network of new digital kiosks installed at popular recreation sites across north-central Idaho. Five kiosks are now fully…",,,,https://idfg.idaho.gov/article/digital-kiosks-provide-idaho-fish-and-game-information-key-recreation-sites,,
0fe5d0fc0cedc11ea5,2026-06-01,recent,55,18,Clearwater,Deer Creek Reservoir,official_fishing_update,Idaho Fish and Game,True,,Rainbow trout stocking schedule for June 2026 in the Clearwater Region,"Home Press Releases and Articles idfg-jbruns Monday, June 1, 2026 - 1:45 PM MDT Fish and Game staff will be stocking nearly 40,000 catchable-size (10 to 12 inch) trout at the following locations across the Clearwater Region in June! Here's some quick highlights of some of these locations. Deer Creek Reservoir – 3,000 Rainbow Trout. This beautiful mountain reservoir was built specifically for trout fishing. Rainbow…",,,,https://idfg.idaho.gov/article/rainbow-trout-stocking-schedule-june-2026-clearwater-region,,
62360c543bba75a05a,2026-05-29,recent,58,,,,official_statewide_or_regional_update,Idaho Fish and Game,True,,Rainbow trout stocking schedule for June 2026 in the Magic Valley Region,"Home Press Releases and Articles idfg-Kenzie.Baratti Friday, May 29, 2026 - 7:40 AM MDT Approximately 30,645 catchable-sized rainbow trout will be stocked in area waters in June Hatchery personnel from Fish and Game's Magic Valley Region will be stocking approximately 30,645 10-12'' catchable-sized rainbow trout in July. The stocking date and number of fish are approximate. Stocking of all waters is tentative and…",,,,https://idfg.idaho.gov/article/rainbow-trout-stocking-schedule-june-2026-magic-valley-region,,
e2b7407563a8716abf,2026-05-28,recent,59,,,,official_statewide_or_regional_update,Idaho Fish and Game,True,,Fifty-two years later: remembering fallen Fish and Game Conservation Officer Sam Buntrock,"Home Press Releases and Articles idfg-KWhite Thursday, May 28, 2026 - 2:45 PM MDT Take a step back in time to learn more about one of Fish and Game’s fallen conservation officers from southeast Idaho as told by of one of our current officers. This is Sam Buntrock’s story. Former Idaho Fish and Game Conservation Officer Sam Buntrock lost his life in a plane crash in Bear Lake County in 1974 while in the line of duty…",,,,https://idfg.idaho.gov/article/fifty-two-years-later-remembering-fallen-fish-and-game-conservation-officer-sam-buntrock,,
71e55684a403aa74c9,2026-05-28,recent,59,30,Lemhi,Salmon River,official_fishing_update,Idaho Fish and Game,True,,Upper Salmon River Chinook update - 5/28/2026,"Home Press Releases and Articles idfg-gschoby Thursday, May 28, 2026 - 12:02 PM MDT Below is the second pre-season update for the upper Salmon River Chinook return and potential fisheries. Since my last update on May 19th, we’ve only seen one additional Sawtooth PIT tag cross over Bonneville Dam, bringing the current estimate to 1,790 adult Sawtooth Chinook over Bonneville. We should now be past the 50% mark of the…",,,,https://idfg.idaho.gov/article/upper-salmon-river-chinook-update-5282026,,
e84d19bef9650deb86,2026-05-27,recent,60,,,,official_statewide_or_regional_update,Idaho Fish and Game,True,,"ICCU, Scheels and F&G partner for special Free Fishing Day gear giveaway","Home Press Releases and Articles idfg-rphillips Wednesday, May 27, 2026 - 11:10 AM MDT Idaho Fish and Game’s Free Fishing Day is June 13, and some young anglers will get more than just free fishing. Scheels and ICCU, in partnership with Fish and Game, will give away fishing gear to some anglers 14 years old and younger. Fishing gear giveaways will be available at select locations while supplies last and available on…",,,,https://idfg.idaho.gov/article/iccu-scheels-and-fg-partner-special-free-fishing-day-gear-giveaway-0,,
857bf3ae67f66eee28,2026-05-27,recent,60,,,,official_statewide_or_regional_update,Idaho Fish and Game,True,,June fish stocking schedule for the Upper Snake Region,"Home Press Releases and Articles idfg-jbrower Wednesday, May 27, 2026 - 11:34 AM MDT 30,000 trout are headed to fishing waters in the Upper Snake Region this June Fish and Game staff will be stocking a total of 30,000 catchable-size (10 to 12 inch) trout at the following locations around the Upper Snake Region in June. All stocked fish are rainbow trout unless otherwise specified in the comments section. Start the…",,,,https://idfg.idaho.gov/article/june-fish-stocking-schedule-upper-snake-region-2,,
0637d53892268834e1,2026-05-27,recent,60,30,Lemhi,Salmon River,official_fishing_update,Idaho Fish and Game,True,,Spring Chinook Fishery Update (5/27/2026),"Home Press Releases and Articles idfg-jthiessen Wednesday, May 27, 2026 - 3:19 PM MDT IMPORTANT NOTICE (Click links to view official closure notice) Rapid River Fisheries: River Code 10 in the lower Salmon River (Rice Creek to Twin Bridges) is closed . Clearwater Fisheries: River Code 3 A-B (Camas Prairie Train Bridge to Cherrylane Bridge) remains closed. HARVEST SHARES The projected spring Chinook Salmon harvest…",,,,https://idfg.idaho.gov/article/spring-chinook-fishery-update-5272026,,
76d27f78e75634c4fd,2026-05-27,recent,60,,,,official_statewide_or_regional_update,Idaho Fish and Game,True,,Statewide trout stocking highlights for June 2026,"Home Press Releases and Articles idfg-cliess Wednesday, May 27, 2026 - 10:58 AM MDT Approximately 243,000 catchable-sized rainbow trout will be stocked throughout the state this June. Many of Idaho’s lakes and ponds are soon going to be bolstered with Idaho Fish and Game stocking over 243,000 catchable-sized rainbow trout this June. Wondering if the stocking trucks are going to be backing up to your favorite fishing…",,,,https://idfg.idaho.gov/article/statewide-trout-stocking-highlights-june-2026,,
97e56b3817af57af00,2026-05-26,recent,61,30,Lemhi,Salmon River,official_fishing_update,Idaho Fish and Game,True,,Portion of Lower Salmon River closed for Chinook salmon fishing,"Home Press Releases and Articles idfg-cliess Tuesday, May 26, 2026 - 3:58 PM MDT The closure is from the Rice Creek Bridge upstream to the Upper Twin Bridge. Idaho Fish and Game closed Chinook salmon fishing on the portion of the Lower Salmon River from the Rice Creek Bridge upstream to the Upper Twin Bridge on Tuesday, May 26 after the sport fishing harvest objective for this section had been reached. Check out the…",,,,https://idfg.idaho.gov/article/portion-lower-salmon-river-closed-chinook-salmon-fishing,,
40acdf024b94cf7460,2026-05-19,recent,68,,,,official_statewide_or_regional_update,Idaho Fish and Game,True,,Portion of mainstem Clearwater River closed for Chinook salmon fishing; adult bag and possession limits reduced,"Home Press Releases and Articles idfg-cliess Tuesday, May 19, 2026 - 9:26 AM MDT Seasons can change quickly, so be sure to check the most current reports and restrictions before you head out. Idaho Fish and Game closed Chinook salmon fishing on the lower portion of the mainstem Clearwater river from the Camas Prairie Railroad Bridge to Cherrylane Bridge on Tuesday, May 19. Additionally, adult bag and possession…",,,,https://idfg.idaho.gov/article/portion-mainstem-clearwater-river-closed-chinook-salmon-fishing-adult-bag-and-possession,,
f998b8ae6ac1c2193a,2026-05-19,recent,68,,,,official_statewide_or_regional_update,Idaho Fish and Game,True,,Spring Chinook Fishery Update (5/19/2026),"Home Press Releases and Articles idfg-jthiessen Tuesday, May 19, 2026 - 4:54 PM MDT Clearwater, Rapid River, and Hells Canyon IMPORTANT NOTICE: The lower Clearwater River from Cherrylane Bridge downstream to the Camas Prairie Bridge is closed to Chinook Fishing. The rest of the Clearwater River, and the Middle Fork Clearwater River remain open 4 days a week (Thur-Sun) with a 1 adult daily limit. Please read on to…",,,,https://idfg.idaho.gov/article/spring-chinook-fishery-update-5192026,,
deff14c84901b871c2,2026-05-19,recent,68,30,Lemhi,Salmon River,official_fishing_update,Idaho Fish and Game,True,,Upper Salmon River Chinook update - 5/19/2026,"Home Press Releases and Articles idfg-gschoby Tuesday, May 19, 2026 - 7:17 AM MDT Many of you have been eagerly waiting for an update on the upper Salmon River Chinook run and the potential for fisheries we may be able to offer this summer. Like you, we are anxiously watching dam counts and fish passage at Bonneville Dam on the Columbia River. Our preseason forecasts for Chinook returning to Sawtooth and Pahsimeroi…",,,,https://idfg.idaho.gov/article/upper-salmon-river-chinook-update-5192026,,
64dad9fd2e1bfcdae6,2026-05-18,recent,69,,,,official_statewide_or_regional_update,Idaho Fish and Game,True,,Ain’t No Mountain (Stream) High Enough: A guide to finding the perfect backcountry creekside fishing camp,"Home Press Releases and Articles idfg-cliess Monday, May 18, 2026 - 9:31 AM MDT Don’t overlook that high-mountain stream or creek next time you’re looking for a backcountry fishing adventure. The dog days of summer are upon us. As the mercury skyrockets and the sun broils us 15 hours a day , few things are more attractive than leaving town and heading into the mountains to dunk a line (and maybe some sweaty feet)…",,,,https://idfg.idaho.gov/article/aint-no-mountain-stream-high-enough-guide-finding-perfect-backcountry-creekside-fishing-0,,
225193ce12d40523fa,2026-04-06,stale,111,31,Lewis,North Fork Clearwater River,official_harvest_report,Idaho Fish and Game,True,,Steelhead harvest report,"Steelhead Harvest Report | Idaho Fish and Game Skip to main content Idaho Official Government Website | Buy a License Search Hunting Toggle submenu Hunting in Idaho Seasons and Rules Big Game Seasons and Rules Moose, Bighorn Sheep and Mountain Goat Migratory Birds Upland Game, Furbearer and Turkey Big Game Hunting Harvest Statistics Drawing Odds Controlled Hunt Drawing Results State of Deer and Elk Monitoring For…",Steelhead,,,https://idfg.idaho.gov/fish/steelhead/harvest,,conservative_fuzzy
225193ce12d40523fa,2026-04-06,stale,111,30,Lemhi,Salmon River,official_harvest_report,Idaho Fish and Game,True,,Steelhead harvest report,"Steelhead Harvest Report | Idaho Fish and Game Skip to main content Idaho Official Government Website | Buy a License Search Hunting Toggle submenu Hunting in Idaho Seasons and Rules Big Game Seasons and Rules Moose, Bighorn Sheep and Mountain Goat Migratory Birds Upland Game, Furbearer and Turkey Big Game Hunting Harvest Statistics Drawing Odds Controlled Hunt Drawing Results State of Deer and Elk Monitoring For…",Steelhead,,,https://idfg.idaho.gov/fish/steelhead/harvest,,exact_or_alias
225193ce12d40523fa,2026-04-06,stale,111,14,Canyon,Snake River,official_harvest_report,Idaho Fish and Game,True,,Steelhead harvest report,"Steelhead Harvest Report | Idaho Fish and Game Skip to main content Idaho Official Government Website | Buy a License Search Hunting Toggle submenu Hunting in Idaho Seasons and Rules Big Game Seasons and Rules Moose, Bighorn Sheep and Mountain Goat Migratory Birds Upland Game, Furbearer and Turkey Big Game Hunting Harvest Statistics Drawing Odds Controlled Hunt Drawing Results State of Deer and Elk Monitoring For…",Steelhead,,,https://idfg.idaho.gov/fish/steelhead/harvest,,exact_or_alias
225193ce12d40523fa,2026-04-06,stale,111,37,Owyhee,Snake River,official_harvest_report,Idaho Fish and Game,True,,Steelhead harvest report,"Steelhead Harvest Report | Idaho Fish and Game Skip to main content Idaho Official Government Website | Buy a License Search Hunting Toggle submenu Hunting in Idaho Seasons and Rules Big Game Seasons and Rules Moose, Bighorn Sheep and Mountain Goat Migratory Birds Upland Game, Furbearer and Turkey Big Game Hunting Harvest Statistics Drawing Odds Controlled Hunt Drawing Results State of Deer and Elk Monitoring For…",Steelhead,,,https://idfg.idaho.gov/fish/steelhead/harvest,,exact_or_alias
b3ce992a704603005e,2026-04-01,stale,116,,,,official_statewide_or_regional_update,Idaho Fish and Game,True,,The opportunity to fish for some of the state’s biggest bass is now,"Home Press Releases and Articles idfg-cliess Wednesday, April 1, 2026 - 8:00 AM MDT And you don’t need to be a seasoned tournament pro to be successful. During spring, the local weatherman stands before a green screen, strategically circling portions of the state with high and low pressure systems. Predicting spring weather in Idaho can be all over the map. While it might be weeks before most anglers wait for those…",,,,https://idfg.idaho.gov/article/opportunity-fish-some-states-biggest-bass-now,,
8b4209704a2348a535,2026-02-25,stale,151,,,,official_statewide_or_regional_update,Idaho Fish and Game,True,,How are mountain whitefish populations doing in Idaho?,"Home Press Releases and Articles idfg-kmeyer Wednesday, February 25, 2026 - 10:42 AM MST Fisheries biologists use the term “salmonids” to refer to members of the biological family that includes salmon and steelhead, trout, grayling, and whitefish. In Idaho, we have many different species of native and nonnative salmonids, but by far the group that gets the least attention from anglers is whitefish. You might be…",,,,https://idfg.idaho.gov/article/how-are-mountain-whitefish-populations-doing-idaho,,
