county,water_name,access_point_name,official_source_url,verification_evidence
Napa,Napa River,Napa River public riverfront/park access,https://wildlife.ca.gov/Fishing-in-the-City/SF/Gofish/Northeast,"CDFW identifies public fishing from the City of Napa downstream; use only designated public riverfront, park, pier, marina or boat access."
Napa,Lake Berryessa,Lake Berryessa public access,https://wildlife.ca.gov/Fishing-in-the-City/SF/Gofish/Northeast,"CDFW identifies Lake Berryessa as open to the public; fees, inspections and site restrictions may apply."
Napa,Lake Hennessey,Lake Hennessey public access and launch,https://wildlife.ca.gov/Fishing-in-the-City/SF/Gofish/Northeast,CDFW identifies Lake Hennessey as open to the public with access and boat-launch fees and boating restrictions.
Solano,Sacramento-San Joaquin Delta,Grizzly and Joice Islands wildlife-area access,https://wildlife.ca.gov/Fishing-in-the-City/SF/Gofish/Northeast,CDFW identifies good public access through the state-owned wildlife areas on Grizzly and Joice Islands; closures and restrictions must be checked.
Solano,Lake Chabot,Lake Chabot public fishing location,https://wildlife.ca.gov/Fishing-in-the-City/SF/Gofish/Northeast,CDFW lists Lake Chabot in its public fishing locations for Solano County.
Solano,Putah Creek / Lake Solano,Highway 128 public access,https://wildlife.ca.gov/Fishing-in-the-City/SF/Gofish/Northeast,CDFW states public access is good along the section from Monticello Dam to Lake Solano where Highway 128 parallels the creek.
Marin,Walker Creek,Keys Creek / Highway 1 fishing access,https://wildlife.ca.gov/Fishing-in-the-City/SF/Gofish/North,"CDFW identifies public fishing access near the mouth at Keys Creek along Highway 1, subject to current seasons and special rules."
Marin,Alpine Lake,Alpine Lake shore access,https://wildlife.ca.gov/Fishing-in-the-City/SF/Gofish/North,CDFW lists Alpine Lake as a Marin County fishing location; boats and wading are not permitted.
Marin,Bon Tempe Lake,Bon Tempe Lake shore access,https://wildlife.ca.gov/Fishing-in-the-City/SF/Gofish/North,CDFW lists Bon Tempe Lake; a parking fee applies and boats and wading are not permitted.
Marin,Lagunitas Lake,Lagunitas Lake shore access,https://wildlife.ca.gov/Fishing-in-the-City/SF/Gofish/North,"CDFW lists Lagunitas Lake with special gear, bait, bag and size rules; boats and wading are not permitted."
Marin,Nicasio Lake,Nicasio Lake roadside shore access,https://wildlife.ca.gov/Fishing-in-the-City/SF/Gofish/North,CDFW identifies easy shore access from Petaluma–Point Reyes Road and Nicasio Valley Road; boats and wading are not permitted.
Marin,Phoenix Lake,Phoenix Lake trail access,https://wildlife.ca.gov/Fishing-in-the-City/SF/Gofish/North,CDFW lists limited parking below Phoenix Lake and a hiking trail around the lake.
Marin,Soulajule Reservoir,Soulajule Reservoir dam parking access,https://wildlife.ca.gov/Fishing-in-the-City/SF/Gofish/North,CDFW identifies a small no-fee parking lot at the base of the dam; boats and wading are not permitted.
Marin,Stafford Lake,Stafford Lake County Park access,https://wildlife.ca.gov/Fishing-in-the-City/SF/Gofish/North,CDFW lists Stafford Lake at Stafford Lake County Park; parking fees apply and boats are not permitted.
Marin,San Pablo Bay,China Camp Pier,https://wildlife.ca.gov/Fishing-in-the-City/SF/Gofish/North,CDFW lists China Camp Pier as a Marin County public fishing location.
Marin,San Francisco Bay,East Fort Baker Pier,https://wildlife.ca.gov/Fishing-in-the-City/SF/Gofish/North,CDFW lists East Fort Baker Pier on the Marin side of the Golden Gate Bridge.
Marin,San Francisco Bay,Sausalito Pier,https://wildlife.ca.gov/Fishing-in-the-City/SF/Gofish/North,CDFW lists Sausalito Pier as a Marin County fishing location.
Sonoma,Russian River,Named public access communities,https://wildlife.ca.gov/Fishing-in-the-City/SF/Gofish/North,"CDFW identifies public access at Jenner, Monte Rio, Guerneville, Forestville, Healdsburg and Cloverdale; low-flow rules apply seasonally."
Sonoma,Gualala River,Gualala Point / mouth-area public access,https://wildlife.ca.gov/Fishing-in-the-City/SF/Gofish/North,CDFW identifies public access near the mouth and at named road and park locations; low-flow rules apply seasonally.
Sonoma,Salmon Creek,Highway 1 tidewater access,https://wildlife.ca.gov/Fishing-in-the-City/SF/Gofish/North,CDFW identifies a small tidewater area open west of Highway 1; low-flow and species restrictions apply.
Sonoma,Lake Ralphine,Howarth Park access,https://wildlife.ca.gov/Fishing-in-the-City/SF/Gofish/North,CDFW lists Lake Ralphine in Howarth Park as a public fishing location.
Sonoma,Spring Lake,Spring Lake public fishing access,https://wildlife.ca.gov/Fishing-in-the-City/SF/Gofish/North,CDFW lists Spring Lake as a Sonoma County fishing location.
Sonoma,Lake Sonoma,Lake Sonoma dam and Yorty Creek launches,https://wildlife.ca.gov/Fishing-in-the-City/SF/Gofish/North,CDFW identifies a boat ramp near the dam and a car-topper launch at Yorty Creek; shore access is limited.
Sacramento,Granite Regional Park Pond,Granite Regional Park fishing access,https://wildlife.ca.gov/Fishing-in-the-City/SAC,CDFW lists Granite Regional Park as a Fishing in the City location.
Sacramento,North Natomas Regional Park Pond,North Natomas Regional Park fishing access,https://wildlife.ca.gov/Fishing-in-the-City/SAC,CDFW lists North Natomas Regional Park as a Fishing in the City location.
Sacramento,Hagan Community Park Pond,Hagan Community Park fishing access,https://wildlife.ca.gov/Fishing-in-the-City/SAC,CDFW lists Hagan Community Park as a Fishing in the City location.
Sacramento,Howe Park Pond,Howe Park fishing access,https://wildlife.ca.gov/Fishing-in-the-City/SAC,CDFW lists Howe Park as a Fishing in the City location.
Sacramento,Mather Lake,Mather Regional Park fishing access,https://wildlife.ca.gov/Fishing-in-the-City/SAC,CDFW states it regularly stocks and provides fishing events at Mather Lake.
Sacramento,Elk Grove Regional Park Pond,Elk Grove Regional Park fishing access,https://wildlife.ca.gov/Fishing-in-the-City/SAC,CDFW states Elk Grove Regional Park is open for fishing during its posted season.
Sacramento,Florin Creek Park Pond,Florin Creek Park fishing access,https://wildlife.ca.gov/Fishing-in-the-City/SAC,CDFW identifies Florin Creek Park pond as a stocked community fishing location.
Sacramento,Gibson Ranch Regional Park Pond,Gibson Ranch Regional Park fishing access,https://wildlife.ca.gov/Fishing-in-the-City/SAC,CDFW lists Gibson Ranch Regional Park as a stocked Fishing in the City pond.
Sacramento,Southside Park Pond,Southside Park fishing access,https://wildlife.ca.gov/Fishing-in-the-City/SAC,CDFW lists Southside Park Pond in its Sacramento stocking and clinic information.
El Dorado,Folsom Lake,Brown's Ravine public ramps,https://dbw.parks.ca.gov/BoatingFacilities/f/739,California DBW lists Brown's Ravine ramps on Folsom Lake as open to the public.
El Dorado,Folsom Lake,Peninsula public ramp,https://dbw.parks.ca.gov/BoatingFacilities/f/736,California DBW lists the Peninsula ramp on Folsom Lake as open to the public.
El Dorado,Lake Tahoe,El Dorado Beach Boat Ramp,https://www.parks.ca.gov/BoatingFacilities/f/709,California DBW lists El Dorado Beach Boat Ramp on Lake Tahoe as open to the public.
El Dorado,Sly Park Reservoir,Sly Park public recreation and launch access,https://www.recreation.gov/gateways/2279,"The official Recreation.gov page identifies public-use facilities, two launch ramps and fishing at Sly Park Reservoir."
El Dorado,Wrights Lake,Wrights Lake public launch,https://www.parks.ca.gov/BoatingFacilities/f/1364,California DBW lists Wrights Lake Access as a public US Forest Service launch.
El Dorado,Echo Lake,Echo Chalet public marina/launch,https://www.parks.ca.gov/BoatingFacilities/f/726,California DBW lists Echo Chalet as a public marina and launch on Echo Lake.
El Dorado,American River — South Fork,Henningsen-Lotus public boating access,https://dbw.parks.ca.gov/BoatingFacilities/f/1204,California DBW lists Henningsen-Lotus as public boating access on the South Fork American River.
Butte,Lake Oroville,Lake Oroville SRA — Bidwell Canyon public launch,https://dbw.parks.ca.gov/BoatingFacilities/County/Butte,California DBW's Butte County directory lists Lake Oroville SRA at Bidwell Canyon as a public launch.
Colusa,East Park Reservoir,East Park Reservoir public ramp,https://dbw.parks.ca.gov/BoatingFacilities/County/Colusa,California DBW's Colusa County directory lists East Park Reservoir Ramp as public.
Del Norte,Lake Earl,Lake Earl public boat launch,https://dbw.parks.ca.gov/BoatingFacilities/County/Del%20Norte,California DBW's Del Norte County directory lists the Lake Earl Boat Launch Facility as public.
Glenn,Stony Gorge Reservoir,Stony Gorge Reservoir public launch,https://dbw.parks.ca.gov/BoatingFacilities/County/Glenn,California DBW's Glenn County directory lists Stony Gorge Reservoir as a public launch.
Humboldt,Big Lagoon,Big Lagoon County Park public boat ramp,https://dbw.parks.ca.gov/BoatingFacilities/County/Humboldt,California DBW's Humboldt County directory lists Big Lagoon County Park Boat Ramp as public.
Lake,Clear Lake,Clear Lake State Park public boat ramp,https://dbw.parks.ca.gov/BoatingFacilities/County/Lake,California DBW's Lake County directory lists Clear Lake State Park Boat Ramp as public.
Lassen,Eagle Lake,Eagle Lake Marina public launch,https://dbw.parks.ca.gov/BoatingFacilities/County/Lassen,California DBW's Lassen County directory lists Eagle Lake Marina as a public marina and launch.
Mendocino,Lake Mendocino,Lake Mendocino public launch,https://dbw.parks.ca.gov/BoatingFacilities/County/Mendocino,California DBW's Mendocino County directory lists Lake Mendocino as a public launch.
Modoc,Big Sage Reservoir,Big Sage Reservoir public launch,https://dbw.parks.ca.gov/BoatingFacilities/County/Modoc,California DBW's Modoc County directory lists Big Sage Reservoir as a public launch.
Nevada,Boca Reservoir,Boca Reservoir public launch,https://dbw.parks.ca.gov/BoatingFacilities/County/Nevada,California DBW's Nevada County directory lists Boca Reservoir as a public launch.
Placer,Lake Clementine,Lake Clementine public boat launch,https://dbw.parks.ca.gov/BoatingFacilities/County/Placer,California DBW's Placer County directory lists the Lake Clementine Boat Launch Facility as public.
Plumas,Lake Almanor,Lake Almanor public boat launching facility,https://dbw.parks.ca.gov/BoatingFacilities/County/Plumas,California DBW's Plumas County directory lists the Lake Almanor Boat Launching Facility as public.
Shasta,Shasta Lake,Shasta Lake Antlers public ramp,https://dbw.parks.ca.gov/BoatingFacilities/County/Shasta,California DBW's Shasta County directory lists Shasta Lake's Antlers Ramp as public.
Sierra,Sardine Lake,Sardine Lake public launch,https://dbw.parks.ca.gov/BoatingFacilities/County/Sierra,California DBW's Sierra County directory lists Sardine Lake as a public launch.
Siskiyou,Lake Shastina,Lake Shastina public fishing access and boat ramp,https://dbw.parks.ca.gov/BoatingFacilities/County/Siskiyou,California DBW's Siskiyou County directory lists Lake Shastina Fishing Access/Boat Ramp as public.
Sutter,Live Oak Riverfront Park,Live Oak Riverfront Park public launch,https://dbw.parks.ca.gov/BoatingFacilities/County/Sutter,California DBW's Sutter County directory lists Live Oak Riverfront Park as a public launch.
Tehama,Black Butte Lake,Black Butte Lake Buckhorn public ramp and marina,https://dbw.parks.ca.gov/BoatingFacilities/County/Tehama,California DBW's Tehama County directory lists Black Butte Lake's Buckhorn ramp and marina as public.
Trinity,Trinity Lake,Trinity Lake public recreation access,https://dbw.parks.ca.gov/BoatingFacilities/County/Trinity,California DBW's Trinity County directory lists Trinity Lake National Recreation Area as public.
Yolo,Knights Landing Fishing Access,Knights Landing public fishing access,https://dbw.parks.ca.gov/BoatingFacilities/County/Yolo,California DBW's Yolo County directory lists Knights Landing Fishing Access as public.
Yuba,Bullards Bar Reservoir,Bullards Bar Cottage Creek public boat launch,https://dbw.parks.ca.gov/BoatingFacilities/County/Yuba,California DBW's Yuba County directory lists Bullards Bar Reservoir's Cottage Creek Boat Launch Facility as public.
