access_area_name,county,official_wdfw_url
Ben Howard Hole,Snohomish,https://wdfw.wa.gov/places-to-go/water-access-sites/30543
Boulder River,Snohomish,https://wdfw.wa.gov/places-to-go/water-access-sites/30496
Blue Stilly,Snohomish,https://wdfw.wa.gov/places-to-go/water-access-sites/blue-stilly-655
Wagner Lake,Snohomish,https://wdfw.wa.gov/places-to-go/water-access-sites/wagner-lake-688
Connor Lake,Snohomish,https://wdfw.wa.gov/places-to-go/water-access-sites/30503
Hazel,Snohomish,https://wdfw.wa.gov/places-to-go/water-access-sites/hazel-651
Crescent Lake,Snohomish,https://wdfw.wa.gov/places-to-go/water-access-sites/crescent-lake-1591
Lake Armstrong,Snohomish,https://wdfw.wa.gov/places-to-go/water-access-sites/30490
Bosworth Lake,Snohomish,https://wdfw.wa.gov/places-to-go/water-access-sites/bosworth-lake-276
North Cove,Snohomish,https://wdfw.wa.gov/places-to-go/water-access-sites/north-cove-441
Sunday Lake,Snohomish,https://wdfw.wa.gov/places-to-go/water-access-sites/sunday-lake-661
Clear Lake,Spokane,https://wdfw.wa.gov/places-to-go/water-access-sites/clear-lake-311
Williams Lake,Spokane,https://wdfw.wa.gov/places-to-go/water-access-sites/williams-lake-727
West Medical Lake,Spokane,https://wdfw.wa.gov/places-to-go/water-access-sites/west-medical-lake-712
Silver Lake,Spokane,https://wdfw.wa.gov/places-to-go/water-access-sites/silver-lake-596
Liberty Lake,Spokane,https://wdfw.wa.gov/places-to-go/water-access-sites/liberty-lake-454
Amber Lake,Spokane,https://wdfw.wa.gov/places-to-go/water-access-sites/30552
Lake Kapowsin,Pierce,https://wdfw.wa.gov/places-to-go/water-access-sites/lake-kapowsin-437
Lake Whitman,Pierce,https://wdfw.wa.gov/places-to-go/water-access-sites/lake-whitman-717
Clear Lake,Pierce,https://wdfw.wa.gov/places-to-go/water-access-sites/clear-lake-309
Weiss,Pierce,https://wdfw.wa.gov/places-to-go/water-access-sites/weiss-220
Sumner Sportsmen's,Pierce,https://wdfw.wa.gov/places-to-go/water-access-sites/30441
Tanwax Lake,Pierce,https://wdfw.wa.gov/places-to-go/water-access-sites/tanwax-lake-666
Jackson Lake,Pierce,https://wdfw.wa.gov/places-to-go/water-access-sites/jackson-lake-416
Carney Lake,Pierce,https://wdfw.wa.gov/places-to-go/water-access-sites/carney-lake-292
Crescent Lake,Pierce,https://wdfw.wa.gov/places-to-go/water-access-sites/crescent-lake-331
Bonney Lake,Pierce,https://wdfw.wa.gov/places-to-go/water-access-sites/bonney-lake-273
Steel Lake,King,https://wdfw.wa.gov/places-to-go/water-access-sites/steel-lake-645
Lake Fenwick,King,https://wdfw.wa.gov/places-to-go/water-access-sites/lake-fenwick-368
Richter,King,https://wdfw.wa.gov/places-to-go/water-access-sites/30266
Lake Number 12,King,https://wdfw.wa.gov/places-to-go/water-access-sites/lake-number-12-684
Wilderness Lake,King,https://wdfw.wa.gov/places-to-go/water-access-sites/wilderness-lake-720
Lake Desire,King,https://wdfw.wa.gov/places-to-go/water-access-sites/lake-desire-343
Beaver Lake,King,https://wdfw.wa.gov/places-to-go/water-access-sites/beaver-lake-255
Lake Geneva,King,https://wdfw.wa.gov/places-to-go/water-access-sites/lake-geneva-1783
Lake Morton,King,https://wdfw.wa.gov/places-to-go/water-access-sites/30258
Lake Meridian,King,https://wdfw.wa.gov/places-to-go/water-access-sites/lake-meridian-479
Kenmore,King,https://wdfw.wa.gov/places-to-go/water-access-sites/kenmore-442
Martha Lake,Grant,https://wdfw.wa.gov/places-to-go/water-access-sites/martha-lake-1650
Sam Israel,Grant,https://wdfw.wa.gov/places-to-go/water-access-sites/30185
Warden Outfall,Grant,https://wdfw.wa.gov/places-to-go/water-access-sites/warden-outfall-1736
Caliche Lakes,Grant,https://wdfw.wa.gov/places-to-go/water-access-sites/caliche-lakes-1522
Fedesco-Harris,Grant,https://wdfw.wa.gov/places-to-go/water-access-sites/30127
Blue Lake,Grant,https://wdfw.wa.gov/places-to-go/water-access-sites/blue-lake-269
Long Lake,Grant,https://wdfw.wa.gov/places-to-go/water-access-sites/long-lake-1644
Lind Coulee East,Grant,https://wdfw.wa.gov/places-to-go/water-access-sites/lind-coulee-bridge-e-1730
Vernita Bridge,Grant,https://wdfw.wa.gov/places-to-go/water-access-sites/30005
Evergreen Reservoir N,Grant,https://wdfw.wa.gov/places-to-go/water-access-sites/evergreen-reservoir-n-1605
Burke Lake W,Grant,https://wdfw.wa.gov/places-to-go/water-access-sites/burke-lake-w-1578
Ponds 4 & 5,Yakima,https://wdfw.wa.gov/places-to-go/water-access-sites/ponds-4-5-1669
Tim Ponds,Yakima,https://wdfw.wa.gov/places-to-go/water-access-sites/30653
Granger,Yakima,https://wdfw.wa.gov/places-to-go/water-access-sites/granger-739
Mellis Road,Yakima,https://wdfw.wa.gov/places-to-go/water-access-sites/mellis-road-1551
Mabton Bridge,Yakima,https://wdfw.wa.gov/places-to-go/water-access-sites/30913
Elton Pond,Yakima,https://wdfw.wa.gov/places-to-go/water-access-sites/30649
Lake Myron,Yakima,https://wdfw.wa.gov/places-to-go/water-access-sites/lake-myron-495
Farris,Chelan,https://wdfw.wa.gov/places-to-go/water-access-sites/31006
Dryden Dam,Chelan,https://wdfw.wa.gov/places-to-go/water-access-sites/30989
Upper Dryden,Chelan,https://wdfw.wa.gov/places-to-go/water-access-sites/30026
Lower Dryden,Chelan,https://wdfw.wa.gov/places-to-go/water-access-sites/30029
Long Lake,Okanogan,https://wdfw.wa.gov/places-to-go/water-access-sites/long-lake-461
Riverside,Okanogan,https://wdfw.wa.gov/places-to-go/water-access-sites/riverside-520
Cutchie 3,Okanogan,https://wdfw.wa.gov/places-to-go/water-access-sites/30359
Cutchie 1,Okanogan,https://wdfw.wa.gov/places-to-go/water-access-sites/cutchie-1-1526
Pearrygin Lake,Okanogan,https://wdfw.wa.gov/places-to-go/water-access-sites/pearrygin-lake-531
Twin Lakes,Okanogan,https://wdfw.wa.gov/places-to-go/water-access-sites/twin-lakes-686
Mile Post 8,Kittitas,https://wdfw.wa.gov/places-to-go/water-access-sites/mile-post-8-1031
Highway 10 Take-out,Kittitas,https://wdfw.wa.gov/places-to-go/water-access-sites/highway-10-take-out-1086
Mile Post 10,Kittitas,https://wdfw.wa.gov/places-to-go/water-access-sites/30647
Thorp,Kittitas,https://wdfw.wa.gov/places-to-go/water-access-sites/thorp-1044
Teanaway Junction,Kittitas,https://wdfw.wa.gov/places-to-go/water-access-sites/teanaway-junction-1042
Kinghorn Slough,Kittitas,https://wdfw.wa.gov/places-to-go/water-access-sites/30286
Lavender Lake,Kittitas,https://wdfw.wa.gov/places-to-go/water-access-sites/lavender-lake-444
Fiorito Lake,Kittitas,https://wdfw.wa.gov/places-to-go/water-access-sites/30285
Mesa Lake,Franklin,https://wdfw.wa.gov/places-to-go/water-access-sites/mesa-lake-1738
Ringold Springs,Franklin,https://wdfw.wa.gov/places-to-go/water-access-sites/30083
Clark Pond,Franklin,https://wdfw.wa.gov/places-to-go/water-access-sites/clark-pond-1583
Hyde Road,Benton,https://wdfw.wa.gov/places-to-go/water-access-sites/hyde-road-741
Duportail,Benton,https://wdfw.wa.gov/places-to-go/water-access-sites/30909
Benton City,Benton,https://wdfw.wa.gov/places-to-go/water-access-sites/benton-city-1549
Snively Road,Benton,https://wdfw.wa.gov/places-to-go/water-access-sites/snively-road-740
Dodd,Walla Walla,https://wdfw.wa.gov/places-to-go/water-access-sites/30978
Baker River,Skagit,https://wdfw.wa.gov/places-to-go/water-access-sites/baker-river-605
Edgewater Park,Skagit,https://wdfw.wa.gov/places-to-go/water-access-sites/edgewater-park-606
Hamilton,Skagit,https://wdfw.wa.gov/places-to-go/water-access-sites/30478
Clear Lake,Skagit,https://wdfw.wa.gov/places-to-go/water-access-sites/clear-lake-310
Lake McMurray,Skagit,https://wdfw.wa.gov/places-to-go/water-access-sites/lake-mcmurray-476
Lake Erie,Skagit,https://wdfw.wa.gov/places-to-go/water-access-sites/lake-erie-362
Gilligan Creek,Skagit,https://wdfw.wa.gov/places-to-go/water-access-sites/gilligan-creek-603
Big Lake,Skagit,https://wdfw.wa.gov/places-to-go/water-access-sites/big-lake-260
Samish River,Skagit,https://wdfw.wa.gov/places-to-go/water-access-sites/samish-river-575
Pressentin Ferry,Skagit,https://wdfw.wa.gov/places-to-go/water-access-sites/30472
Hof Bar,Whatcom,https://wdfw.wa.gov/places-to-go/water-access-sites/hof-bar-511
Lake Whatcom,Whatcom,https://wdfw.wa.gov/places-to-go/water-access-sites/lake-whatcom-713
Ferndale,Whatcom,https://wdfw.wa.gov/places-to-go/water-access-sites/ferndale-514
Lake Samish,Whatcom,https://wdfw.wa.gov/places-to-go/water-access-sites/lake-samish-573
Silver Lake,Whatcom,https://wdfw.wa.gov/places-to-go/water-access-sites/silver-lake-597
Toad Lake,Whatcom,https://wdfw.wa.gov/places-to-go/water-access-sites/toad-lake-673
Lake Terrell,Whatcom,https://wdfw.wa.gov/places-to-go/water-access-sites/lake-terrell-1638
Squalicum Lake,Whatcom,https://wdfw.wa.gov/places-to-go/water-access-sites/squalicum-lake-643
Lake Fazon,Whatcom,https://wdfw.wa.gov/places-to-go/water-access-sites/lake-fazon-367
De Groot,Whatcom,https://wdfw.wa.gov/places-to-go/water-access-sites/de-groot-510
Egg Lake,San Juan,https://wdfw.wa.gov/places-to-go/water-access-sites/egg-lake-353
Hummel Lake,San Juan,https://wdfw.wa.gov/places-to-go/water-access-sites/hummel-lake-404
Sportsmans Lake,San Juan,https://wdfw.wa.gov/places-to-go/water-access-sites/30447
Lake Goss,Island,https://wdfw.wa.gov/places-to-go/water-access-sites/lake-goss-380
Deer Lake,Island,https://wdfw.wa.gov/places-to-go/water-access-sites/deer-lake-340
Grasser's Lagoon,Island,https://wdfw.wa.gov/places-to-go/water-access-sites/grassers-lagoon-536
Lone Lake,Island,https://wdfw.wa.gov/places-to-go/water-access-sites/lone-lake-459
Fisherman's Loop,Cowlitz,https://wdfw.wa.gov/places-to-go/water-access-sites/fishermans-loop-1546
Hand,Cowlitz,https://wdfw.wa.gov/places-to-go/water-access-sites/hand-422
Beginners' Hole,Cowlitz,https://wdfw.wa.gov/places-to-go/water-access-sites/beginners-hole-257
Pekin Ferry,Cowlitz,https://wdfw.wa.gov/places-to-go/water-access-sites/pekin-ferry-1219
Modrow Bridge,Cowlitz,https://wdfw.wa.gov/places-to-go/water-access-sites/modrow-bridge-490
Olequa Crossing,Cowlitz,https://wdfw.wa.gov/places-to-go/water-access-sites/30067
Kress Lake,Cowlitz,https://wdfw.wa.gov/places-to-go/water-access-sites/kress-lake-429
Tower Bridge,Cowlitz,https://wdfw.wa.gov/places-to-go/water-access-sites/tower-bridge-680
Prichard,Cowlitz,https://wdfw.wa.gov/places-to-go/water-access-sites/prichard-421
Mouth of Toutle,Cowlitz,https://wdfw.wa.gov/places-to-go/water-access-sites/mouth-toutle-681
Leidl,Klickitat,https://wdfw.wa.gov/places-to-go/water-access-sites/leidl-1640
Turkey Hole,Klickitat,https://wdfw.wa.gov/places-to-go/water-access-sites/turkey-hole-1534
Rowland Lake,Klickitat,https://wdfw.wa.gov/places-to-go/water-access-sites/rowland-lake-571
County Line,Clark,https://wdfw.wa.gov/places-to-go/water-access-sites/county-line-698
Vancouver Lake,Clark,https://wdfw.wa.gov/places-to-go/water-access-sites/vancouver-lake-1708
Langsdorf Landing,Clark,https://wdfw.wa.gov/places-to-go/water-access-sites/30051
Cedar Creek,Clark,https://wdfw.wa.gov/places-to-go/water-access-sites/cedar-creek-448
Three Mile,Clark,https://wdfw.wa.gov/places-to-go/water-access-sites/three-mile-697
Toledo,Lewis,https://wdfw.wa.gov/places-to-go/water-access-sites/toledo-324
Mineral Lake,Lewis,https://wdfw.wa.gov/places-to-go/water-access-sites/mineral-lake-485
Barrier Dam,Lewis,https://wdfw.wa.gov/places-to-go/water-access-sites/barrier-dam-250
Plummer Lake,Lewis,https://wdfw.wa.gov/places-to-go/water-access-sites/plummer-lake-545
I-5 Bridge,Lewis,https://wdfw.wa.gov/places-to-go/water-access-sites/i-5-409
Massey Bar,Lewis,https://wdfw.wa.gov/places-to-go/water-access-sites/massey-bar-472
Swofford Pond,Lewis,https://wdfw.wa.gov/places-to-go/water-access-sites/swofford-pond-1784
Blue Creek,Lewis,https://wdfw.wa.gov/places-to-go/water-access-sites/blue-creek-268
Benson Lake,Mason,https://wdfw.wa.gov/places-to-go/water-access-sites/benson-lake-259
North Bay,Mason,https://wdfw.wa.gov/places-to-go/water-access-sites/north-bay-515
Cady Lake,Mason,https://wdfw.wa.gov/places-to-go/water-access-sites/cady-lake-283
Colonel's Hole,Mason,https://wdfw.wa.gov/places-to-go/water-access-sites/colonels-hole-609
Trails End Lake,Mason,https://wdfw.wa.gov/places-to-go/water-access-sites/trails-end-lake-553
Island Lake,Mason,https://wdfw.wa.gov/places-to-go/water-access-sites/island-lake-413
Twin Lakes,Mason,https://wdfw.wa.gov/places-to-go/water-access-sites/twin-lakes-685
Spencer Lake,Mason,https://wdfw.wa.gov/places-to-go/water-access-sites/spencer-lake-637
Haven Lake,Mason,https://wdfw.wa.gov/places-to-go/water-access-sites/haven-lake-394
Phillips Lake,Mason,https://wdfw.wa.gov/places-to-go/water-access-sites/phillips-lake-540
Lost Lake,Mason,https://wdfw.wa.gov/places-to-go/water-access-sites/lost-lake-464
Tee Lake,Mason,https://wdfw.wa.gov/places-to-go/water-access-sites/tee-lake-669
Point Whitney,Jefferson,https://wdfw.wa.gov/places-to-go/water-access-sites/point-whitney-548
Big Quilcene,Jefferson,https://wdfw.wa.gov/places-to-go/water-access-sites/big-quilcene-river-261
Pleasant Harbor,Jefferson,https://wdfw.wa.gov/places-to-go/water-access-sites/pleasant-harbor-543
Triton Cove,Jefferson,https://wdfw.wa.gov/places-to-go/water-access-sites/30985
Indian George Creek,Jefferson,https://wdfw.wa.gov/places-to-go/water-access-sites/30674
Leland Lake,Jefferson,https://wdfw.wa.gov/places-to-go/water-access-sites/leland-lake-446
Gardiner,Jefferson,https://wdfw.wa.gov/places-to-go/water-access-sites/gardiner-1141
Vannausdle,Jefferson,https://wdfw.wa.gov/places-to-go/water-access-sites/vannausdle-1054
Maxfield,Clallam,https://wdfw.wa.gov/places-to-go/water-access-sites/30043
Salmon Hatchery,Clallam,https://wdfw.wa.gov/places-to-go/water-access-sites/salmon-hatchery-1038
Thomas,Clallam,https://wdfw.wa.gov/places-to-go/water-access-sites/thomas-1052
Wilson,Clallam,https://wdfw.wa.gov/places-to-go/water-access-sites/30049
Hillstrom,Clallam,https://wdfw.wa.gov/places-to-go/water-access-sites/hillstrom-632
Sekiu,Clallam,https://wdfw.wa.gov/places-to-go/water-access-sites/sekiu-1822
Rearing Pond,Clallam,https://wdfw.wa.gov/places-to-go/water-access-sites/rearing-pond-1036
Elwha River,Clallam,https://wdfw.wa.gov/places-to-go/water-access-sites/elwha-river-360
Leyendecker,Clallam,https://wdfw.wa.gov/places-to-go/water-access-sites/leyendecker-1053
Lake Sutherland,Clallam,https://wdfw.wa.gov/places-to-go/water-access-sites/lake-sutherland-662
W Fork Satsop,Grays Harbor,https://wdfw.wa.gov/places-to-go/water-access-sites/30224
Old White Bridge,Grays Harbor,https://wdfw.wa.gov/places-to-go/water-access-sites/old-white-bridge-736
South Montesano Bridge,Grays Harbor,https://wdfw.wa.gov/places-to-go/water-access-sites/south-montesano-bridge-1689
Johns River,Grays Harbor,https://wdfw.wa.gov/places-to-go/water-access-sites/johns-river-1634
Failor Lake,Grays Harbor,https://wdfw.wa.gov/places-to-go/water-access-sites/failor-lake-365
Long Swamp,Grays Harbor,https://wdfw.wa.gov/places-to-go/water-access-sites/30214
Morley,Grays Harbor,https://wdfw.wa.gov/places-to-go/water-access-sites/morley-1532
Thorberg,Grays Harbor,https://wdfw.wa.gov/places-to-go/water-access-sites/30222
Chehalis River - Oakville,Grays Harbor,https://wdfw.wa.gov/places-to-go/water-access-sites/chehalis-river-oakville-1523
Double Bridges,Grays Harbor,https://wdfw.wa.gov/places-to-go/water-access-sites/double-bridges-585
E Fk Hoquiam,Grays Harbor,https://wdfw.wa.gov/places-to-go/water-access-sites/e-fk-hoquiam-400
